,News,Tweet,Compound,Positive,Negative,Neutral,Tweet Ago
0,BBC,Chile has launched a huge hiking route through its Patagonian wilderness. üå≤üòçüèî  https://t.co/WFIcKZe5Hv https://t.co/RLKjTx2Emo,0.4215,0.257,0.0,0.743,1
1,BBC,üê£üòç Conservationists have been monitoring the progress of rare Leach's storm petrel chicks on the remote Scottish ar‚Ä¶ https://t.co/KzMHUIysAO,0.4215,0.135,0.0,0.865,2
2,BBC,"'My children bought back the car I sold to pay for wife's cancer treatment'. ‚ù§Ô∏èÔ∏èüöò

https://t.co/xOJwzbgGlE https://t.co/Tx3WYCkCXu",-0.7003,0.0,0.293,0.707,3
3,BBC,"RT @BBCEngland: Benny the beluga whale is spending his fifth day in the Thames but appears to be healthy and swimming normally, the Port of‚Ä¶",0.5499,0.129,0.0,0.871,4
4,BBC,"Always start by playing paper! üëä‚úã‚úåÔ∏è

This is how to win at rock-paper-scissors... 

https://t.co/2VzUFq74FT",0.7088,0.329,0.0,0.671,5
5,BBC,"'What do I know her from again?' ü§îüì∫

These are the TV actors who pop up in everything. https://t.co/XLQBs5bE5p https://t.co/DJWV8U3OhY",0.0,0.0,0.0,1.0,6
6,BBC,"This is the world's most dangerous city to be a woman. 

https://t.co/v1qrWFF6B6",-0.5256,0.0,0.253,0.747,7
7,BBC,"""New York City is underwhelming"". üò≥üò≥üò≥
 
#UnpopularOpinion was HARSH this week. üòÇ @gregjames

https://t.co/pSz5eP8YbR",-0.186,0.156,0.227,0.616,8
8,BBC,"What's it like growing up with tourettes?

Brother and sister Jack and Rebecca describe how people react to their t‚Ä¶ https://t.co/VXY3jdCbEu",0.4939,0.181,0.0,0.819,9
9,BBC,"This school became a national leader by focusing on a neglected subject... 

https://t.co/5c7iSPT3rc",-0.5267,0.0,0.254,0.746,10
10,BBC,RT @BBCOne: .@LadyGaga &amp; Jodie Whittaker playing the #DoctorWho theme tune on the theremin is a joy to behold. #TheGNShow https://t.co/0aLu‚Ä¶,0.6808,0.237,0.0,0.763,11
11,BBC,"""I've broken around 80 bones"". üò¨üè•

Meet the man who can't feel pain. üëâ https://t.co/6qsfeQmIct https://t.co/6jXkhYCTza",-0.1022,0.118,0.136,0.746,12
12,BBC,"Say hello to baby Omo, a rare albino squirrel... üòçüêøÔ∏è

https://t.co/FVppFQSOJw",0.0,0.0,0.0,1.0,13
13,BBC,"Over the last 50 years, the flesh-footed shearwater population has dropped by 30%.

Plastic is a major cause of the‚Ä¶ https://t.co/827iYwzryJ",0.0,0.0,0.0,1.0,14
14,BBC,"The Graham Norton Show is back! Tonight Bradley Cooper, @ladygaga, Jodie Whittaker and @ryangosling join @grahnort‚Ä¶ https://t.co/prBbKLrkaO",0.3595,0.135,0.0,0.865,15
15,BBC,"It's the Celebrity MasterChef final! After six gruelling weeks, just two tough challenges stand between the three r‚Ä¶ https://t.co/mLCixMGG8v",-0.126,0.065,0.089,0.846,16
16,BBC,"Science has confirmed: cats are nice. üòª

https://t.co/nTtAUxYl6v https://t.co/kI8XYPICjA",0.7003,0.345,0.0,0.655,17
17,BBC,"üòÆüêô You need to watch this seal slap a man with an octopus... 

https://t.co/Njn1fsWeXX",0.1531,0.118,0.0,0.882,18
18,BBC,In pictures: Politician mothers take their babies to work. üë∂üì∑ https://t.co/wZ4NmFwkOn https://t.co/BTtyJu1WSX,0.0,0.0,0.0,1.0,19
19,BBC,"Why do we love bees, but hate wasps? https://t.co/2CM65SLLyE",-0.5346,0.177,0.345,0.478,20
20,BBC,"What kind of snack would you be? ü§î

Kids asking Tom Hardy difficult questions is the best thing you'll see today. üòÇ‚Ä¶ https://t.co/8iFXGQhKlz",0.6597,0.227,0.082,0.691,21
21,BBC,"RT @BBCWomansHour: The üö®TOP 10üö® #WomenInMusic on the #WHPowerList have been revealed! üåü Featuring the most iconic performers, heads of labe‚Ä¶",0.0,0.0,0.0,1.0,22
22,BBC,"‚ù§Ô∏è This story of a missing 49-year-old father is the most moving thing you'll watch today. 

https://t.co/8CYggzS9Hj",-0.296,0.0,0.121,0.879,23
23,BBC,"RT @bbcmusic: How are you celebrating #BBCMusicDay today? 

Here's 9 Things to watch out for, including @George_Ezra reading a bedtime stor‚Ä¶",0.5719,0.171,0.0,0.829,24
24,BBC,"How would you cope if you knew how you might die?

https://t.co/VbAFmeDCXQ",-0.5994,0.0,0.262,0.738,25
25,BBC,"Eggs as conditioner? ü•öü§∑

Experts rate the beauty tips that our mums swore by. üëâ https://t.co/HGSuMbUNOj https://t.co/uoUg0LYfQp",0.5859,0.167,0.0,0.833,26
26,BBC,"Are children getting too much homework in the UK? üìöüñç

Comedian @robdelaney says kids' workload is ""madness"".‚Ä¶ https://t.co/i16FsfwKNb",0.3818,0.133,0.0,0.867,27
27,BBC,"Here's some useful advice on how you can help hedgehogs at this time of year. ü¶î

https://t.co/TKgF4H0ktl",0.6808,0.272,0.0,0.728,28
28,BBC,"This is the quiz where you have to play the answer as well as say it. Famous faces battle it out, testing their ski‚Ä¶ https://t.co/WXXa78QNdD",0.2263,0.155,0.089,0.756,29
29,BBC,Got a bag of frozen peas lurking at the back of the freezer? Here are 7 things you can do with them. üòãüç¥‚Ä¶ https://t.co/innpVg70hh,-0.128,0.0,0.067,0.933,30
30,BBC,"John Cunliffe, creator of Postman Pat and Rosie and Jim, has died aged 85. https://t.co/OoHcAgZsu5 https://t.co/PEwPmaItNP",-0.5574,0.0,0.194,0.806,31
31,BBC,"Flying squirrels are secretive creatures but if you're lucky, you might meet one. Or two. Or three. üòÆüêø

https://t.co/vx8aM2dHRt",0.5719,0.171,0.0,0.829,32
32,BBC,"""It's very difficult not to tie your self-worth to the size of your audience"".

@hankgreen on the darker side of in‚Ä¶ https://t.co/EF0u3XM6Nj",-0.4201,0.0,0.117,0.883,33
33,BBC,"If half of the UK switched to reusable water bottles, we'd save enough plastic to stretch to the moon and back in j‚Ä¶ https://t.co/HEtqsCQbly",0.4939,0.122,0.0,0.878,34
34,BBC,RT @BBCNews: Postman Pat and Rosie and Jim author John Cunliffe dies https://t.co/VPI0iFKwaA,0.0,0.0,0.0,1.0,35
35,BBC,"""Dear haters, you're going to hate this."" 

Oliver reacts to Scotland's 'Dear Transphobes' campaign.

https://t.co/uayhqEP7jP",-0.4019,0.225,0.299,0.476,36
36,BBC,"What a moment! üòÆ üêô

A man has been filmed being slapped in the face with a large octopus thrown by a seal. üëâ‚Ä¶ https://t.co/QxUgZSSXnX",0.0,0.0,0.0,1.0,37
37,BBC,"Millions of seahorses are caught every year, threatening their global survival. üíî

https://t.co/CUYoiiYtXa",-0.7579,0.0,0.351,0.649,38
38,BBC,"RT @BBCTwo: BBC Two just got a brand new look.

Check out some of our new Idents in all their glory‚Ä¶

More info here: https://t.co/5WJBbgGY‚Ä¶",0.0,0.0,0.0,1.0,39
39,BBC,"We feel for Deirdre trying to answer some of these... it's unlikely Agony Aunt letters! ‚úâÔ∏èüòÇ #MockTheWeek

https://t.co/iUev3YVy9v",-0.4753,0.0,0.154,0.846,40
40,BBC,"Talk about an anticlimax!

When these rescue workers were called to save a drowning man, they got a HUGE surprise..‚Ä¶ https://t.co/PAVPpirEj0",0.8697,0.38,0.0,0.62,41
41,BBC,"""It was probably the end of the night and I was definitely ready for my bed."" üòÇ

When a photo of you in a nightclub‚Ä¶ https://t.co/asnG7gQrC9",0.7964,0.265,0.056,0.678,42
42,BBC,"Up, up and away! These enormous kites took to the sky at a festival in Germany. üå¨  https://t.co/HSIAQAQQE9 https://t.co/iIWX5ERx8I",0.5411,0.162,0.0,0.838,43
43,BBC,"So cute! üòçüê£ Meet Germany's 'Papa Goose'... 

https://t.co/3NtLqZQcnm",0.5551,0.339,0.0,0.661,44
44,BBC,The 14th Century house used as the birthplace of Harry Potter is still up for sale. ‚ö°Ô∏èüìñ  https://t.co/dcspAsDKrg https://t.co/NEOGYEkwBr,0.0,0.0,0.0,1.0,45
45,BBC,"üì¨Do not post crisp packets to Walkers, says Royal Mail ‚û°Ô∏è

https://t.co/3JbgtRfiBQ https://t.co/VWRXGKC9nJ",0.0,0.0,0.0,1.0,46
46,BBC,"Did the Duchess of Sussex break protocol when she closed her car door? 

https://t.co/o2n2k0msfU https://t.co/qYmnjcI0ZM",0.0,0.0,0.0,1.0,47
47,BBC,"This puffer fish creates something absolutely breathtaking. üê°üò≤ #LifeStory 

https://t.co/mxU7VERaCI",0.659,0.403,0.0,0.597,48
48,BBC,"RT @bbcweather: From today, night is longer than day. üåÉ/‚òÄ and the darkness is increasing at a rate of 4/5mins a day. Jo #Autumn https://t.c‚Ä¶",-0.25,0.0,0.083,0.917,49
49,BBC,"Archaeologists have found a 400-year-old shipwreck off the coast of Portugal, in what one specialist called the ""di‚Ä¶ https://t.co/YP9fuo5Iz7",0.0,0.0,0.0,1.0,50
50,BBC,"Another grand slam for @Andy_Murray üò¨

The tennis star took to Instagram to share the awkward moment he dropped a c‚Ä¶ https://t.co/fXEFv5P9Nz",-0.1027,0.181,0.229,0.59,51
51,BBC,An orangutan named Rocky has become the first to mimic human speech. üôäüí¨  https://t.co/DIGdTHwpNq https://t.co/MeQwgxocmm,0.0,0.0,0.0,1.0,52
52,BBC,"It‚Äôs National #FitnessDay! üèÄÔ∏è‚öΩÔ∏èüéæ

How much do you really know about exercise? 

Take this quiz to find out‚Ä¶‚Ä¶ https://t.co/8t1SMXLZp2",0.0,0.0,0.0,1.0,53
53,BBC,"It's that time of year again... üôÑ

https://t.co/LxjiPTYUIG",0.0,0.0,0.0,1.0,54
54,BBC,RT @BBCRadio4: üé∂ Prepare for adventure as @gemcairn takes @KojeyRadical on a musical journey to Accra... https://t.co/mvTfrBzlnB,0.3182,0.126,0.0,0.874,55
55,BBC,"What. A. Voice. üòÆüëè

7-year-old Malea Emma was asked to sing the national anthem before an LA Galaxy game...

https://t.co/WHmbmTKkyU",0.0,0.0,0.0,1.0,56
56,BBC,RT @BBCLater: Record-breaking UK solo artist @JessGlynne got our brand new series off to a storming start tonight... Watch the performance‚Ä¶,0.0,0.0,0.0,1.0,57
57,BBC,"Discover the ancient volcanoes along Scotland‚Äôs west coast... üòÆüåã

https://t.co/kEPUuvtDN3",0.0,0.0,0.0,1.0,58
58,BBC,How to help a friend who's struggling with mental health. https://t.co/X9PwihsgH9 https://t.co/0lUMrtmb1j,0.4767,0.353,0.168,0.479,59
59,BBC,"Students can take a David Bowie course at Leeds University. ‚úçüéì 

üìªüëâ https://t.co/4jPPrnAK5S https://t.co/0ISuNTEZ5b",0.0,0.0,0.0,1.0,60
60,BBC,"From Hawarden to Mount Snowdon, it's #MonkmanAndSeagull's Guide To Wales! üôå @e_monkman @bobby_seagull 

https://t.co/witW8qatbV",0.0,0.0,0.0,1.0,61
61,BBC,"Tonight @JessGlynne, @idlesband, @softcellhq, @Ralph_McTell, @KingPrincess69 and @HakBaker join Jools on the first‚Ä¶ https://t.co/Lb6VCJ3eQI",0.296,0.145,0.0,0.855,62
62,BBC,"Christopher Eccleston narrates a film which asks whether, a century later, the lessons learnt in 1918 might help us‚Ä¶ https://t.co/BiR6nIr1bz",0.4019,0.137,0.0,0.863,63
63,BBC,"RT @BBCOne: **BREAKING** Meet your 2018 candidates, as introduced by @MattEdmondson on @bbciplayer &gt;&gt; https://t.co/oUaGVpPBuf

#TheApprenti‚Ä¶",0.0,0.0,0.0,1.0,64
64,BBC,"Happy birthday to the one and only Will Smith! üéâüéà

https://t.co/CqmihTvPYW",0.6114,0.285,0.0,0.715,65
65,BBC,".@BTS_twt have now gone where no K-pop group has gone before: The United Nations.

In a powerful speech, Kim Nam-jo‚Ä¶ https://t.co/bkZFU5VfFX",0.5267,0.226,0.089,0.685,66
66,BBC,"üî§Scrabble players will now be able to use words such as ""OK"" and ""ew"" after a US dictionary company announced it wa‚Ä¶ https://t.co/kMHWzb8Gwi",0.0,0.0,0.0,1.0,67
67,BBC,"In Sweden, you get paid double to be a parent.

(Via @BBCThree)

https://t.co/daXes3fiZX",0.0,0.0,0.0,1.0,68
68,BBC,Indonesian teenager survives 49 days adrift at sea in 'fishing hut'. https://t.co/5rKpohNfRi https://t.co/qlRvoxZGe2,0.0,0.0,0.0,1.0,69
69,BBC,"This is what happens when you teach African teenage girls to fly. ‚úàÔ∏è

https://t.co/1Kp4Ael1FO",0.0,0.0,0.0,1.0,70
70,BBC,"RT @bbcpress: üëâ Meet the new #TheApprentice contestants. Who will be the first to hear the words ""you're fired""? Series starts 3 October on‚Ä¶",0.0,0.0,0.0,1.0,71
71,BBC,"Who knew eating a pizza could be this filthy? üòÇüçï #QI

https://t.co/eeYWlRL9eV",0.0,0.0,0.0,1.0,72
72,BBC,"‚ôªÔ∏è It's so different from place to place‚Ä¶ is there an easier way to sort this plastic recycling? 

https://t.co/75TG6dddQd",0.4215,0.128,0.0,0.872,73
73,BBC,"Plastic is everywhere. Are you surprised?

#PlasticsWatch https://t.co/q1QXHYgYAR",0.2263,0.213,0.0,0.787,74
74,BBC,"ü§îüé®Quiz: Can you guess which musicians painted these pictures?

https://t.co/CNo9uMGasj https://t.co/YrQeRins9E",0.0,0.0,0.0,1.0,75
75,BBC,"üéìWhat's the best university name in the world to put on a job application?

https://t.co/2uEYRC075L https://t.co/tLmNn6W4Rt",0.6369,0.231,0.0,0.769,76
76,BBC,"Ô∏è‚öΩÔ∏èüèÜ @HKane, @hazardeden10 and @MoSalah are on the shortlist for the best men's player, while England's @LucyBronze‚Ä¶ https://t.co/3cD3mKTSMk",0.6369,0.198,0.0,0.802,77
77,BBC,"Keeping the head on is an unwritten rule of the job... üò≥Ô∏è‚öΩÔ∏è

A video of Colorado's football mascot accidentally sho‚Ä¶ https://t.co/vn9YzZeMLj",-0.34,0.0,0.112,0.888,78
78,BBC,"‚ú®üï∫üíÉ @ZoeTheBall is back to give the lowdown on this series of @BBCStrictly!

Strictly - It Takes Two | 6:30pm |‚Ä¶ https://t.co/6rLJAtcYYx",-0.2714,0.0,0.099,0.901,79
79,BBC,"RT @BBCOne: We're doing this to the letter, fellas. #LineOfDuty is back in t-w-e-n-t-y n-i-n-e-t-e-e-n. @martin_compston @Vicky_McClure htt‚Ä¶",0.0,0.0,0.0,1.0,80
80,BBC,RT @BBCOne: How easy is it to get help for mental health when you need it? 14-year-old Jess was refused treatment for anxiety but went on t‚Ä¶,0.2144,0.128,0.099,0.773,81
81,BBC,"RT @bbcdoctorwho: 1,2,3,4‚Ä¶. Thirteen #DoctorWho #Sheffield https://t.co/xaDWu2DmtF",0.0,0.0,0.0,1.0,82
82,BBC,"Papa‚Ä¶ what? ü§îüòÇ 

A new series of Letterbox starts today at 6pm on @BBCTwo. 
https://t.co/NLP3Hx0YSK https://t.co/c8myHijbdz",0.0,0.0,0.0,1.0,83
83,BBC,"‚úàÔ∏èIs this one of the world's most beautiful airports?

https://t.co/ewqnUMEhZY https://t.co/aFxlQBAET6",0.6361,0.295,0.0,0.705,84
84,BBC,"So. Awkward. üçóüò≥üòÇ

When @lilyallen had to turn down chicken wings from @Drake... 

https://t.co/4pCjbGbUjY",-0.2247,0.0,0.127,0.873,85
85,BBC,"RT @bbcpress: Who were your #BluePeter presenters growing up? üéÇ6‚É£0‚É£üéÇ The @CBBC show will celebrate 60 years next month. Facts, interviews a‚Ä¶",0.6597,0.213,0.0,0.787,86
86,BBC,"Christina set up ‚ÄòSandwich Angels‚Äô to help feed Manchester‚Äôs homeless community. (Via @bbcthree)

https://t.co/Xq0WVgZFFe",0.4019,0.172,0.0,0.828,87
87,BBC,"""Girls have rights and I have rights to an education."" üíõ

This young woman choose to teach instead of becoming a te‚Ä¶ https://t.co/lFAjrelhXI",0.0,0.0,0.0,1.0,88
88,BBC,"üò≥üòÇ ""I'm going to leave it there because the lawyers are on the phone""

When @BBCSimonMcCoy sat down for a serious i‚Ä¶ https://t.co/HAuyMtgM2c",-0.128,0.0,0.111,0.889,89
89,BBC,"RT @BBCSportWales: Are you brave enough to dive off a cliff? 

This teenager is - and he's about to make history üò≤ https://t.co/8fOgNK7URM",0.7184,0.231,0.0,0.769,90
90,BBC,Mosquitoes are transferring plastics into the food chain. üëâ https://t.co/tjdOPX0zrn https://t.co/O4VxfryLpA,0.0,0.0,0.0,1.0,91
91,BBC,There are plans for scientists in Russia to attempt to bring woolly mammoths back from extinction. üî¨‚Ä¶ https://t.co/31HyafKzgN,0.0,0.0,0.0,1.0,92
92,BBC,This is the most hardcore baptism you‚Äôll ever see - a mum carrying her baby to a church up a near-vertical cliff fa‚Ä¶ https://t.co/RXxvIRWdyS,0.0,0.0,0.0,1.0,93
93,BBC,"RT @BBCOne: 157 crew.
88 shoot days.
56 cast.
23 stunt performers.
6 episodes.
2 directors.
1 writer.
1 epic finale. 

Thanks for watching‚Ä¶",0.128,0.124,0.103,0.773,94
94,BBC,"RT @BBCOne: Just David Budd, having the epitome of a VERY BAD DAY. #Bodyguard https://t.co/uuz9xTSusb",-0.7398,0.0,0.288,0.712,95
95,BBC,"Get ready to learn the truth.

Don‚Äôt miss the epic finale of #Bodyguard. Tonight at 9pm on @BBCOne.

https://t.co/WBN1aXFHDl",0.4939,0.214,0.071,0.714,96
96,BBC,"ü§îüìÜ Quiz: Can you guess which celebrity is the oldest? 

https://t.co/EVdI3SRIxf https://t.co/7hc2mzrx3B",0.0,0.0,0.0,1.0,97
97,BBC,"Falling leaves, dramatic skies, misty mornings... üçÇüå∞ü¶ä

7 signs that autumn is well and truly on its way. üëâ‚Ä¶ https://t.co/iNXWoE3zcW",0.5267,0.221,0.071,0.708,98
98,BBC,"'We're in love but never have sex'. 

https://t.co/IOgVh8eiFC https://t.co/dCLDcKhQ0Y",0.3818,0.245,0.0,0.755,99
99,BBC,"Sea dragons are so elegant üòç #Oceans

https://t.co/yulAjV8D0S",0.8058,0.447,0.0,0.553,100
100,CBS,"On @colbertlateshow, @TheNeighborhood's @CedEntertainer and Stephen recall the first time they met on a night when‚Ä¶ https://t.co/vjz1zVg4sR",0.0,0.0,0.0,1.0,1
101,CBS,".@happytogether's @wayansjr, @HereIsGina &amp; @latelateshow discuss the pros and cons of living with a pop star. Con:‚Ä¶ https://t.co/PLXFxfheW7",0.0,0.0,0.0,1.0,2
102,CBS,"If you haven't seen @SEALTeamCBS, make it your mission to know them before the #SEALTeam Season 2 premiere October‚Ä¶ https://t.co/NhCPI3lZSV",0.0,0.0,0.0,1.0,3
103,CBS,"‚ö°Ô∏è ‚ÄúMurphy Brown Returns to CBS‚Äù

https://t.co/3vsAg7WcB1",0.0,0.0,0.0,1.0,4
104,CBS,.@TheNeighborhood's @iamgreenfield revealing his Fiddler on the Roof goals on @latelateshow will be the earworm you‚Ä¶ https://t.co/swbh8HPwA1,0.0,0.0,0.0,1.0,5
105,CBS,RT @MurphyBrownCBS: A moment 20 years in the making all comes down to this. #MurphyBrown returns to @CBS tonight! https://t.co/tWSMFM3YbG,0.0,0.0,0.0,1.0,6
106,CBS,"Candice Bergen tells @colbertlateshow the presidential way tonight's @MurphyBrownCBS premiere imitates life, albeit‚Ä¶ https://t.co/4Kbk8gt6nS",0.0,0.0,0.0,1.0,7
107,CBS,@marlagardner222 @jay_hernandez Good idea. The theme song is a dead giveaway. üòâ,-0.34,0.169,0.25,0.581,8
108,CBS,@queenmama7777 @CBSAllAccess We believe in you! https://t.co/ZK0xaPRxVr,0.0,0.0,0.0,1.0,9
109,CBS,@BSkyjackcity @jokersupdates @CBSAllAccess On it. https://t.co/yxKX9ry7fw,0.0,0.0,0.0,1.0,10
110,CBS,Sixteen houseguests entered and now it's down to the Final 3. Don't miss a second of the 90-minute #BB20Finale toni‚Ä¶ https://t.co/KwDHR9Hfqu,0.1139,0.071,0.0,0.929,11
111,CBS,"The tribe has spoken, and they do a pretty decent @JeffProbst impression just in time for the @survivorcbs Season P‚Ä¶ https://t.co/2Ps8VKblay",0.6249,0.221,0.0,0.779,12
112,CBS,"‚ö°Ô∏è ‚ÄúFBI Premieres on CBS‚Äù

https://t.co/faL6iHZc5g",0.0,0.0,0.0,1.0,13
113,CBS,"RT @CBSAllAccess: A night of crime dramas?! Oh yes. üôå Stream @NCIS_CBS, @FBICBS &amp; @NCISNewOrleans starting at 8/7c on CBS All Access: https‚Ä¶",-0.2714,0.098,0.138,0.764,14
114,CBS,"Before @FBICBS premieres tonight, @mperegrym stopped by @CBSThisMorning to talk about her role as an FBI agent in t‚Ä¶ https://t.co/CPVki4Hv8y",-0.2263,0.0,0.091,0.909,15
115,CBS,RT @CBSAllAccess: üö® @PatrickBrammall. Tim Meadows. @jessicaalba. @iamgreenfield. @AHWAmySedaris. @ChrisGethard. @JoeManganiello. AND SO MAN‚Ä¶,0.0,0.0,0.0,1.0,16
116,CBS,RT @bigbangtheory: Happy #NationalComicBookDay from Sheldon and his many shirts! How are you sporting your favorite superhero today? #BigBa‚Ä¶,0.7901,0.291,0.0,0.709,17
117,CBS,"‚ö°Ô∏è ‚ÄúMagnum P.I. Premieres on CBS‚Äù

https://t.co/UtbQlcDG8S",0.0,0.0,0.0,1.0,18
118,CBS,".@jay_hernandez went on @latelateshow to talk about @MagnumPICBS, but he may have gotten @TiffanyHaddish as a surf‚Ä¶ https://t.co/a3acRu10aw",0.0,0.0,0.0,1.0,19
119,CBS,"RT @60Minutes: 60 Minutes turns 50 today. Tick, tick, tick ... https://t.co/3CVKEs9J7F",0.0,0.0,0.0,1.0,20
120,CBS,"Due to #NFL football game overrun, #CBS Sunday lineup is delayed in ATL, Indy, NOLA, Kansas City, NYC, Philly, Prov‚Ä¶ https://t.co/fejqoxtvSY",-0.2263,0.0,0.087,0.913,21
121,CBS,Kick off your Sunday with @NFL on CBS. Catch your local games live on CBS and @CBSAllAccess. üèàüì∫‚Ä¶ https://t.co/kbo7N27mY9,0.0,0.0,0.0,1.0,22
122,CBS,"How does $100,000 sound? Because someone is going to win all that tonight on the @TKOCBS Battle Royale finale at 9p‚Ä¶ https://t.co/JEuUZ2QlQh",0.296,0.144,0.098,0.758,23
123,CBS,@colbertlateshow @IainLoveTheatre @IainLoveTheatre made a compelling argument. We'll get back to you. üòâ,-0.1531,0.123,0.162,0.714,24
124,CBS,"Now that @bigbangtheory is entering its last season, Kaley Cuoco admits to @latelateshow she's over the show's noto‚Ä¶ https://t.co/xvhlMWBhSX",0.296,0.109,0.0,0.891,25
125,CBS,RT @HawaiiFive0CBS: It‚Äôs the big Five-0! üéâ üåä #H50 premiered on this day in 1968! Celebrate 50 years of Hawaii Five-0 with every season of b‚Ä¶,0.7896,0.212,0.0,0.788,26
126,CBS,RT @JordanPeele: üì∫üåÄ https://t.co/CygbVi4JFC,0.0,0.0,0.0,1.0,27
127,CBS,The @latelateshow and @JKCorden will never be good enough for @henrygolding's crazy rich mom.‚Ä¶ https://t.co/xVmH5Iyfvs,-0.0531,0.176,0.236,0.588,28
128,CBS,RT @CBSThisMorning: Imagine receiving a digital friend request from someone claiming to be God. What would you do? The new @CBS drama @GodF‚Ä¶,0.6486,0.209,0.0,0.791,29
129,CBS,"RT @PriceIsRight: We're thrilled to be back with all new, fun, and exciting shows!!  We hope to give you another award winning season! HERE‚Ä¶",0.9642,0.527,0.0,0.473,30
130,CBS,RT @SalvationCBS: X marks the spot on the heart-stopping season finale of #SalvationCBS tonight at 9/8c on CBS &amp; CBS All Access: https://t.‚Ä¶,0.0,0.0,0.0,1.0,31
131,CBS,Waiting for tonight's @Elementary_CBS season finale like https://t.co/Ou8342vGT9,0.3612,0.263,0.0,0.737,32
132,CBS,"Due to an NFL overrun, the CBS Sunday lineup is delayed in the East/Central cities ONLY. New start times:‚Ä¶ https://t.co/IypoJ0l16P",-0.2263,0.0,0.091,0.909,33
133,CBS,RT @CBSAllAccess: Sundays were made for NFL on CBS. üèàüíØ Stream NFL on CBS All Access live today: https://t.co/vsod8jGE7N https://t.co/co2528‚Ä¶,0.0,0.0,0.0,1.0,34
134,CBS,"What happens when a PTA mom steals nearly $100,000 from her daughter's school? Don't miss the #PinkCollarCrimes sea‚Ä¶ https://t.co/Gjiy0pByaE",-0.4322,0.07,0.159,0.771,35
135,CBS,"RT @CBSAllAccess: No internet, no problem. You can now download and play your favorite shows on CBS All Access! üôå Learn how: https://t.co/y‚Ä¶",-0.2481,0.17,0.233,0.598,36
136,CBS,@PlaggemeyLee Mac's putting something together. üòâ https://t.co/6ww5HlV6Bx,0.0,0.0,0.0,1.0,37
137,CBS,This just in... https://t.co/QG3OYF6Rfv,0.0,0.0,0.0,1.0,38
138,CBS,RT @CBSAllAccess: Get excited! Stream original #MurphyBrown episodes for a limited time on CBS All Access before the @MurphyBrownCBS reviva‚Ä¶,0.4753,0.218,0.083,0.699,39
139,CBS,"This just in! The 54th #ACMawards will air LIVE from Las Vegas on Sunday, April 7, 2019 at 8/7c on CBS and‚Ä¶ https://t.co/Q9e7qxe26l",0.0,0.0,0.0,1.0,40
140,CBS,"Due to an NFL overrun, CBS is delayed 17 mins in the following markets: Kansas City, Miami, Tampa, NOLA, New York,‚Ä¶ https://t.co/9eXZ9mA1Xb",-0.2263,0.0,0.083,0.917,41
141,CBS,Are you ready for some football? üèà Stream your favorite NFL games LIVE on #CBSAllAccess today:‚Ä¶ https://t.co/eHt8guHoyv,0.6705,0.256,0.0,0.744,42
142,CBS,An unforgettable night of inspiring stories and performances highlighting the 10 years of impact #StandUpToCancer c‚Ä¶ https://t.co/8bp2XNKwfH,0.4215,0.149,0.0,0.851,43
143,CBS,The star-studded event is about to begin! Tune in now to watch #StandUpToCancer on CBS and @cbsallaccess. https://t.co/cD8TJuQBog,0.0,0.0,0.0,1.0,44
144,CBS,"RT @cbsallaccess: Join #TellMeAStory's @daniellemcam, @BillyMagnussen &amp; Dorian Missick by standing up to cancer! Watch @SU2C tonight at 8/7‚Ä¶",-0.5411,0.092,0.196,0.712,45
145,CBS,Tune in to a first-of-its-kind digital live show as lead up to @SU2C‚Äôs televised event tonight! The show will featu‚Ä¶ https://t.co/hIVaLAXYmR,0.0,0.0,0.0,1.0,46
146,CBS,Hollywood legend Burt Reynolds has passed away at the age of 82. He will be missed. https://t.co/HSmcJ9X9iC,-0.296,0.0,0.121,0.879,47
147,CBS,Here are @FBICBS‚Äô @JeremySisto and @EboneeReigne with a powerful message before #StandUpToCancer airs tomorrow! https://t.co/OCqh91N1OO,0.4753,0.192,0.0,0.808,48
148,CBS,Here's everything you need to know before tuning into #StandUpToCancer this Friday at 8/7c: https://t.co/IT9ht84TZ1 https://t.co/OK4AOxw5mP,0.0,0.0,0.0,1.0,49
149,CBS,Survivor host @JeffProbst is here to break down the theme of #Survivor: David vs. Goliath before the new season beg‚Ä¶ https://t.co/8TcA200eFQ,0.3612,0.111,0.0,0.889,50
150,CBS,"Thanks, @StephenAtHome. 
P.S. Nice beard. #LSSC https://t.co/wppVtfR9cL",0.6908,0.533,0.0,0.467,51
151,CBS,The biggest names in entertainment are coming together once again for #StandUpToCancer this Friday at 8/7c on @CBS‚Ä¶ https://t.co/ntuGKLYvuW,0.4215,0.135,0.0,0.865,52
152,CBS,RT @cbsallaccess: Stream #17 @WestVirginiaU vs. @UTKnoxville LIVE today at 3:30PM ET on CBS All Access! Try 1 month FREE using code BINGENO‚Ä¶,0.6514,0.171,0.0,0.829,53
153,CBS,"In just one week, @RWitherspoon, @McConaughey, Jennifer Garner, and more will attend the #‚ÄãStandUpToCancer fundrais‚Ä¶ https://t.co/iHKGOoWejA",0.0,0.0,0.0,1.0,54
154,CBS,"Believe in miracles. Watch this sneak peek of the complete premiere episode of @GodFriendedMe now, a month before i‚Ä¶ https://t.co/5AIUH5VmMk",0.0,0.0,0.0,1.0,55
155,CBS,"RT @cbsallaccess: Money. Murder. Mystery. #OneDollar is now streaming, exclusively on CBS All Access. https://t.co/3qFdTEmVU5 https://t.co/‚Ä¶",-0.6908,0.0,0.239,0.761,56
156,CBS,RT @GodFriendedMe: It's a godsend! We're dropping the #GodFriendedMe pilot tomorrow right here on Twitter for you to stream a full month be‚Ä¶,0.6239,0.17,0.0,0.83,57
157,CBS,"It's almost time for sweater weather, pumpkin spice lattes, and CBS Fall TV premieres. Check out the storylines for‚Ä¶ https://t.co/BpgDyYl8fc",0.0,0.0,0.0,1.0,58
158,CBS,RT @cbsallaccess: #NFL preseason coverage is here! üèà The Detroit @Lions battle the Tampa Bay @Buccaneers tonight at 8PM ET. Stream the game‚Ä¶,-0.4389,0.0,0.112,0.888,59
159,CBS,"@bigbangtheory üé∂...happy kitty, sleepy kitty, purr purr purrüé∂ #TheBigBangTheory https://t.co/sEObppGJlZ",0.0,0.0,0.0,1.0,60
160,CBS,"This is going to require multiple singings of ""Soft Kitty."" https://t.co/UdRGNeQ7Lb",0.0,0.0,0.0,1.0,61
161,CBS,Got to get more of the @PaulMcCartney #CarpoolKaraoke into your life? @latelateshow produced an hour-long bonus spe‚Ä¶ https://t.co/DjPqajo6Xn,0.5423,0.171,0.0,0.829,62
162,CBS,"How much does it cost to bury the truth? 
#OneDollar premieres August 30, exclusively on CBS All Access. https://t.co/ZL5TBH9ro5",0.3182,0.113,0.0,0.887,63
163,CBS,Things got carried away when @ArianaGrande joined @latelateshow for #CarpoolKaraoke. So did Ariana. #ArianaCarpool https://t.co/WSZcC0TaYz,0.0,0.0,0.0,1.0,64
164,CBS,RT @cbsallaccess: Murder mystery set in a small town? We're in. Rediscover the genius of original #TwinPeaks co-creators @DAVID_LYNCH and @‚Ä¶,-0.5267,0.092,0.188,0.72,65
165,CBS,New start times for @60Minutes 7:20ET/6:20CT @CBSBigBrother 8:20ET/7:20CT @NCISLA 9:20ET/8:20CT @Elementary_CBS 10:‚Ä¶ https://t.co/Op9VcDsREa,0.0,0.0,0.0,1.0,66
166,CBS,Clear your schedules for the 100th #PGAChamp! Stream the Final Round LIVE on @cbsallaccess at 2 PM ET across all de‚Ä¶ https://t.co/m6bH2pKTUN,0.4389,0.126,0.0,0.874,67
167,CBS,The fortune teller you‚Äôll meet this Saturday lived a life of luxury... by scamming her victims out of hundreds of t‚Ä¶ https://t.co/fJo6F2Eo5p,-0.3182,0.0,0.103,0.897,68
168,CBS,The 100th PGA Championship continues today! Stream it LIVE on @cbsallaccess at 2PM ET across all devices. Try 1 Wee‚Ä¶ https://t.co/jbMg06eOND,0.4926,0.144,0.0,0.856,69
169,CBS,"To celebrate the 100th PGA Championship, relive some of the tournament's greatest moments with Luke Wilson. 

Don't‚Ä¶ https://t.co/wUuB93smr4",0.8957,0.419,0.0,0.581,70
170,CBS,"RT @TrueCrimeCBS: When Glenn Walp and Steve Doran uncovered theft at the Los Alamos National Laboratory, they HAD to blow their whistles. W‚Ä¶",0.0,0.0,0.0,1.0,71
171,CBS,Want to create your own @CBSBigBrother or @TKOCBS meme using one the photos here? It‚Äôs your lucky day! Head over to‚Ä¶ https://t.co/JHJWykNkQT,0.6696,0.255,0.0,0.745,72
172,CBS,Time to celebrate! Your favorite Daytime shows will premiere with new seasons this fall. See all of the @CBSDaytime‚Ä¶ https://t.co/GNkK4Zf2kD,0.7901,0.28,0.0,0.72,73
173,CBS,"Love is in the air, and the water! International smash hit #LoveIsland is coming to CBS. https://t.co/nepabuNoSU https://t.co/Cxgvkv463u",0.6696,0.209,0.0,0.791,74
174,CBS,The Executive Producers of @CBSBigBrother are teaming up with @KingJames and @MavCarter for an unprecedented televi‚Ä¶ https://t.co/V88bDeHmQs,0.0,0.0,0.0,1.0,75
175,CBS,"RT @cbsallaccess: Executive Producer of Tell Me A Story, @kevwilliamson, says ""What I like about the show, there‚Äôs nothing else on TV like‚Ä¶",0.3612,0.111,0.0,0.889,76
176,CBS,RT @TheNeighborhood: Feel the love in this new teaser for #TheNeighborhood from the #CBS #TCA18! ü§ó https://t.co/rPmCozH5XP,0.7424,0.3,0.082,0.617,77
177,CBS,RT @TheNeighborhood: Find out why Cedric the Entertainer and the cast think #TheNeighborhood is the kind of show that everyone can relate t‚Ä¶,0.3818,0.106,0.0,0.894,78
178,CBS,That's all for our #CBS #TCA18 panels! Tune in this fall to watch all your favorite new shows. üôå https://t.co/hM85o9eRi8,0.5093,0.141,0.0,0.859,79
179,CBS,"RT @MagnumPICBS: ""If there was ever a time to bring back #MagnumPI, it's now."" - @PLenkov 
#CBS #TCA2018",0.0,0.0,0.0,1.0,80
180,CBS,"RT @MagnumPICBS: ""There are a lot of easter eggs from the original that fans from the original series will love, and they're peppered throu‚Ä¶",0.8316,0.306,0.0,0.694,81
181,CBS,"RT @MagnumPICBS: ""What we are trying to do is introduce the show to a new audience...it's going to open it up for anyone that's new and the‚Ä¶",0.0,0.0,0.0,1.0,82
182,CBS,"RT @MagnumPICBS: ""This has been my white whale since I was a kid. I always loved #MagnumPI. Putting words in Magnum's mouth is something I'‚Ä¶",0.5994,0.157,0.0,0.843,83
183,CBS,RT @MagnumPICBS: It's #MagnumPI time at the #CBS #TCA2018! Follow along as we live tweet the panel!,0.0,0.0,0.0,1.0,84
184,CBS,RT @happytogether: Thanks for following along! That concludes the #HappyTogether panel at the #CBS #TCA2018! @MagnumPICBS is up next!,0.5826,0.173,0.0,0.827,85
185,CBS,"RT @happytogether: Question: Even though you're not playing @Harry_Styles, did you do a Harry crash course?
@itsfelixwot: Absolutely not. C‚Ä¶",-0.5093,0.0,0.202,0.798,86
186,CBS,"RT @happytogether: ""The show is about marriage, it's about getting a bit older, it's about youthfulness, it's about something happening and‚Ä¶",0.0,0.0,0.0,1.0,87
187,CBS,"RT @happytogether: ""It's always good to have a little bit of truth in whatever you're making.""- @wayansjr 

#HappyTogether #CBS #TCA2018",0.6041,0.225,0.0,0.775,88
188,CBS,"RT @happytogether: ""I thought I was still young and cool until I met @itsfelixwot!"" -@AmberoniStevens #HappyTogether #CBS #TCA2018",0.3802,0.147,0.0,0.853,89
189,CBS,"RT @happytogether: ""We never wanted to create a show where people think ""Oh, did @Harry_Styles do that?"" -@benwinston on emphasizing that #‚Ä¶",-0.2057,0.0,0.083,0.917,90
190,CBS,RT @happytogether: .@wayansjr is quick to point out that the characters in #HappyTogether are fictional. #CBS #TCA2018,0.0,0.0,0.0,1.0,91
191,CBS,"RT @happytogether: ""@Harry_Styles became part of the family. We didn't want him to move out."" -@benwinston #CBS #HappyTogether #TCA18",-0.0572,0.0,0.064,0.936,92
192,CBS,"RT @happytogether: ""It's about Cooper who wants nothing but normality and a boring life, and Jake and Claire, who want more excitement."" -@‚Ä¶",-0.3612,0.059,0.121,0.82,93
193,CBS,"RT @happytogether: ""It's loosely inspired (by the time @Harry_Styles lived with @benwinston), because if we put what actually happened on t‚Ä¶",0.4939,0.138,0.0,0.862,94
194,CBS,RT @happytogether: It's time for the #HappyTogether panel at the #CBS #TCA18! Follow along here!,0.0,0.0,0.0,1.0,95
195,CBS,RT @GodFriendedMe: Thanks for following along during the #GodFriendedMe panel at #CBS #TCA18‚Äî@HappyTogether is up next!,0.4926,0.175,0.0,0.825,96
196,CBS,"RT @GodFriendedMe: ""You don't have to believe in God to believe in good."" üôå@JOEtheMORTON¬†#GodFriendedMe #CBS",0.2732,0.123,0.0,0.877,97
197,CBS,RT @GodFriendedMe: ‚ÄúIt‚Äôs incredibly important to us that we‚Äôre not a show that‚Äôs preachy or judgmental. Whether you believe or don‚Äôt believ‚Ä¶,0.2716,0.095,0.0,0.905,98
198,CBS,"RT @GodFriendedMe: ""Our feet are on the ground. Our characters are not angels, they‚Äôre not heavenly, they‚Äôre just real people. The 'opposin‚Ä¶",-0.4973,0.0,0.133,0.867,99
199,CBS,RT @GodFriendedMe: Follow along with us as we live-tweet the #GodFriendedMe panel at #CBS #TCA18 with stars @hall_m_brandon @violettbeane @‚Ä¶,0.0,0.0,0.0,1.0,100
200,CNN,Only these 8 states require sex education classes to mention consent https://t.co/joJ5Fkhkan https://t.co/3VmFDbGc5L,0.2263,0.147,0.0,0.853,1
201,CNN,Hillary Clinton made a surprise appearance in the first episode of the 'Murphy Brown' revival -- playing a woman in‚Ä¶ https://t.co/CaXmdL9s9b,0.4404,0.187,0.0,0.813,2
202,CNN,The attack on Facebook that exposed nearly 50 million users' information is the largest hack ever for the company‚Ä¶ https://t.co/T2vOGRm0Ry,-0.5267,0.0,0.196,0.804,3
203,CNN,North Carolina is among the 8 states that require sex education classes to mention consent. A map in an earlier twe‚Ä¶ https://t.co/GUCQpYwvBA,0.2263,0.091,0.0,0.909,4
204,CNN,"A 13-year-old boy was attacked Saturday by a shark while diving for lobsters in waters off Encinitas, California, a‚Ä¶ https://t.co/jNMREHePwO",-0.4019,0.064,0.148,0.788,5
205,CNN,"Alas, an asteroid shaped like a skull is NOT going to zip by Earth this Halloween https://t.co/Va32inAu8z https://t.co/fYHvcOm0Bt",0.1027,0.128,0.107,0.765,6
206,CNN,"Nearly two years to the day after its inaugural march, thousands are expected to take to the streets again early ne‚Ä¶ https://t.co/dzj1GMnykd",0.0,0.0,0.0,1.0,7
207,CNN,"JUST IN: Elon Musk agrees to pay $20 million and quit as Tesla chairman in deal with SEC
https://t.co/SIweOPR39g https://t.co/fluv7kgynH",0.1027,0.085,0.066,0.849,8
208,CNN,"Meet the ""Hurricane Cowboy"" who's rescuing animals in Florence's aftermath https://t.co/RkgzcXnl3A https://t.co/KgBHD2Pnbk",0.0,0.0,0.0,1.0,9
209,CNN,Alyssa Milano says that while it was difficult to be in the room when Brett Kavanaugh and Christine Blasey Ford tes‚Ä¶ https://t.co/dBXUbdEekE,-0.3612,0.0,0.106,0.894,10
210,CNN,Jeff Flake's moment: How a reliable conservative cast Brett Kavanaugh's Supreme Court confirmation into doubt‚Ä¶ https://t.co/wAvxOyw2ul,0.5574,0.205,0.0,0.795,11
211,CNN,Watch a rare gulper eel change its shape right before your eyes -- a unique method it uses to intimidate predators‚Ä¶ https://t.co/HgiqqNBfto,-0.2023,0.0,0.087,0.913,12
212,CNN,"The FBI has reached out to Deborah Ramirez, who has accused Brett Kavanaugh of inappropriate sexual behavior when t‚Ä¶ https://t.co/WEbuyKazm7",-0.2023,0.065,0.102,0.833,13
213,CNN,Why the world's leaders may regret laughing at Donald Trump | By Nic Robertson for @CNNOpinion‚Ä¶ https://t.co/OSqC3AWTmf,0.1027,0.16,0.14,0.7,14
214,CNN,"""What is... yes?"" A ""Jeopardy!"" contestant surprised his girlfriend with a marriage proposal https://t.co/65FSnOOE7M https://t.co/O5nJzZCYM8",0.2942,0.154,0.0,0.846,15
215,CNN,"Ciham Ali Ahmed was imprisoned at 15 years old. Now six years later, her family says they don't know where she is o‚Ä¶ https://t.co/07xI3uUH7M",-0.4588,0.0,0.115,0.885,16
216,CNN,"It‚Äôs a devastating scene, and the reality of so many parents addicted to drugs. @lisaling gives us a heartbreaking‚Ä¶ https://t.co/sXEhUoMmu6",-0.6486,0.0,0.202,0.798,17
217,CNN,Only these 8 states require sex education classes to mention consent https://t.co/iEMukcvLni https://t.co/tSeUG8ez0x,0.2263,0.147,0.0,0.853,18
218,CNN,"Called ""The Passion Diamond Shoes"", these gold and diamond-encrusted stilettos are believed to be the world's most‚Ä¶ https://t.co/zjDnYO6jGI",0.6597,0.252,0.0,0.748,19
219,CNN,"She learned to swim at age 50 and now has 271 medals. Oh, and she's blind. https://t.co/sSLpHYEdqC https://t.co/5iguBTXFez",-0.4019,0.0,0.137,0.863,20
220,CNN,"Two police officers were killed in a shootout early Saturday in Brookhaven, Mississippi, a state official said. https://t.co/sWEwLdiMHf",-0.6705,0.0,0.231,0.769,21
221,CNN,"A 33-year-old vet went to the VA for help. Hours later, he took his own life. https://t.co/Fv9cfLdrE9",0.4019,0.153,0.0,0.847,22
222,CNN,At least 384 are dead and hundreds injured after a tsunami and earthquake in Indonesia https://t.co/6QMEFJopLb https://t.co/IYCYKfCIUU,-0.7906,0.0,0.333,0.667,23
223,CNN,"Leland Ingham Keyser, a friend of Christine Blasey Ford, is not refuting Ford's allegation and will cooperate with‚Ä¶ https://t.co/TJafi07Kia",0.4939,0.158,0.0,0.842,24
224,CNN,Typhoon Trami is unleashing heavy winds and rain on southern Japan as it slowly marches toward the nation's main is‚Ä¶ https://t.co/6mrQrfOpXW,0.0,0.0,0.0,1.0,25
225,CNN,"A Mediterranean diet -- rich in vegetables, fruits, nuts and fish -- could help lower a person's risk of depression‚Ä¶ https://t.co/qsWWdCkbp1",0.1779,0.234,0.245,0.52,26
226,CNN,Shockwaves from the massive bombing raids during World War II reached the edge of space and weakened the Earth's up‚Ä¶ https://t.co/8KgMQNawGx,-0.7003,0.055,0.242,0.703,27
227,CNN,Former presidential candidate Hillary Clinton made a surprise appearance in the first episode of the 'Murphy Brown'‚Ä¶ https://t.co/4LW4920YfF,0.2732,0.116,0.0,0.884,28
228,CNN,"Is Emmanuel Macron the new Tony Blair -- lauded abroad, mocked at home? | Analysis by CNN's Melissa Bell‚Ä¶ https://t.co/Qss2RgsvMs",-0.3182,0.0,0.113,0.887,29
229,CNN,"A dog lost part of her skull to cancer, so researchers 3D-printed a plate to replace it https://t.co/SxpvzKORbT https://t.co/UESQOryY0Y",-0.7717,0.0,0.309,0.691,30
230,CNN,"""Millions of Americans could follow live something that looked like a search for truth, but only on the surface. ..‚Ä¶ https://t.co/nAkVIZdR96",0.34,0.159,0.0,0.841,31
231,CNN,A long-lost warship has been discovered off the coast of China after an extensive hunt to track down relics from fr‚Ä¶ https://t.co/NLz9VFBdx5,-0.1779,0.0,0.078,0.922,32
232,CNN,One of the women who confronted Sen. Jeff Flake in a Capitol elevator Friday said she hopes other Republican senato‚Ä¶ https://t.co/GL6sJnfjpG,0.25,0.124,0.08,0.796,33
233,CNN,"Instagram-friendly food. Yes, please. #NoFilter. Travel to Asturias, Spain on an all-new #PartsUnknown, Sunday at 9‚Ä¶ https://t.co/4uAoNu4idr",0.6124,0.25,0.0,0.75,34
234,CNN,Jeff Flake's moment: How a reliable conservative cast Brett Kavanaugh's Supreme Court confirmation into doubt‚Ä¶ https://t.co/DIRC09z8tk,0.5574,0.205,0.0,0.795,35
235,CNN,Meet DJ Switch: A 10-year-old girl from Ghana who wants to be a gynecologist when she grows up. Erica Armah Bra-Bul‚Ä¶ https://t.co/PyxMF661f6,0.0,0.0,0.0,1.0,36
236,CNN,An American flag shown on a livestream as it was shredded by the fury of Hurricane Florence is being auctioned to h‚Ä¶ https://t.co/8WsJqWsBnN,-0.5719,0.0,0.15,0.85,37
237,CNN,Cutting-edge research on an ancient mummy shows that Egyptians were embalming bodies in prehistoric times https://t.co/GwmUQHSQW0,0.0,0.0,0.0,1.0,38
238,CNN,This Ohio town celebrated Christmas a few months early this year for a 2-year-old with brain cancer‚Ä¶ https://t.co/FIO0Ia2eWO,0.5719,0.198,0.0,0.802,39
239,CNN,"An estimated 80,000 Americans died of flu and its complications last winter, the CDC says, making it the deadliest‚Ä¶ https://t.co/S9vUosYzPB",-0.7351,0.0,0.256,0.744,40
240,CNN,SiriusXM is buying Pandora in a $3.5 billion all-stock deal. The deal will create the world's largest audio enterta‚Ä¶ https://t.co/pBImRwJDun,0.2732,0.104,0.0,0.896,41
241,CNN,4-year-old Florence didn't like sharing her name with a bad hurricane. So she did something about it.‚Ä¶ https://t.co/xyubP5kQJJ,-0.7871,0.0,0.362,0.638,42
242,CNN,"A newly discovered dinosaur species that's believed to have weighed 26,000 pounds was the largest land animal of it‚Ä¶ https://t.co/9ECuIOr32E",0.0,0.0,0.0,1.0,43
243,CNN,A health crisis turned this Trump voter into a Democrat supporter https://t.co/6fbxhN0Gq3 https://t.co/Pa6ykEVDGy,-0.4588,0.138,0.27,0.592,44
244,CNN,"This 7-year-old girl wowed a crowd with a stunning rendition of the ""Star-Spangled Banner"" https://t.co/pSUda8DlDK",0.7351,0.36,0.0,0.64,45
245,CNN,"Researchers used a gene editing tool to wipe out a population of malaria-carrying mosquitoes in a lab, raising the‚Ä¶ https://t.co/8CBwo1R2MV",0.0,0.0,0.0,1.0,46
246,CNN,Here's what Jeff Flake just did -- and what it means for Brett Kavanaugh | Analysis by @CillizzaCNN‚Ä¶ https://t.co/JCySrc71ZI,0.0,0.0,0.0,1.0,47
247,CNN,Tom Hanks is ready to be your neighbor -- as Mister Rogers in an upcoming and as-yet-untitled film about the childr‚Ä¶ https://t.co/7eSkMCA6HC,0.3612,0.106,0.0,0.894,48
248,CNN,Rescuers scrambled to find survivors after a powerful earthquake hit the Indonesian island of Sulawesi and triggere‚Ä¶ https://t.co/7RA9NcPQgT,0.4215,0.149,0.0,0.851,49
249,CNN,Watch a rare gulper eel change its shape right before your eyes -- a unique method it uses to intimidate predators‚Ä¶ https://t.co/nzC3Cnofq9,-0.2023,0.0,0.087,0.913,50
250,CNN,The first case of rat hepatitis E has been discovered in a human https://t.co/lvjXReLtiT https://t.co/lX83xliAkt,0.0,0.0,0.0,1.0,51
251,CNN,"He was the only one in his family to survive the Holocaust, and he's pushing Oregon state legislators to mandate th‚Ä¶ https://t.co/WzvGKIqO9Q",0.0,0.0,0.0,1.0,52
252,CNN,"With six months to go before Britain formally leaves the European Union, Brexit has never looked more baffling | An‚Ä¶ https://t.co/LyMCpo7ZsR",0.0,0.0,0.0,1.0,53
253,CNN,"She learned to swim at age 50 and now has 271 medals. Oh, and she's blind. https://t.co/6aE9ZfLp25 https://t.co/enpatLCJkN",-0.4019,0.0,0.137,0.863,54
254,CNN,"China challenges Trump, saying the country will not be ""blackmailed or yield to pressure"" on trade‚Ä¶ https://t.co/gioWFMYrzQ",-0.2263,0.07,0.119,0.811,55
255,CNN,Residents in a community north of St. Louis got some news this week they've long wanted to hear. Radioactive materi‚Ä¶ https://t.co/iKftNAfkCR,0.0,0.0,0.0,1.0,56
256,CNN,"Scientists may have uncovered an entire new whale species that lived millions of years ago. 

Bones found at a land‚Ä¶ https://t.co/CPEci8kHtP",0.0,0.0,0.0,1.0,57
257,CNN,Alexandria Ocasio-Cortez and Bernie Sanders are two of the biggest names in Democratic politics. Watch The Point wi‚Ä¶ https://t.co/LU0hTZLkS6,0.0,0.0,0.0,1.0,58
258,CNN,"Called ""The Passion Diamond Shoes"", these gold and diamond-encrusted stilettos are believed to be the world's most‚Ä¶ https://t.co/SlWbYMBAVM",0.6597,0.252,0.0,0.748,59
259,CNN,Federal prosecutors will seek the death penalty against the suspect in New York's deadliest terror incident since 9‚Ä¶ https://t.co/ThwUJ8LqTj,-0.91,0.0,0.455,0.545,60
260,CNN,"76% percent of registered voters say that Supreme Court appointments are ""very important"" to their vote in 2018, a‚Ä¶ https://t.co/nFA4qx6dBP",0.6901,0.24,0.0,0.76,61
261,CNN,"""I wanted him to be a hero,"" says one of the women who confronted Arizona Sen. Jeff Flake in a Capitol elevator https://t.co/lmupJy9O9D",-0.2023,0.0,0.083,0.917,62
262,CNN,"Ted Turner is battling Lewy body dementia, the CNN founder revealed in an interview that will air over the weekend‚Ä¶ https://t.co/lujykXCSWx",-0.2732,0.0,0.095,0.905,63
263,CNN,"A woman who's paralyzed from the chest down can now consciously control her ability to walk, researchers say, thank‚Ä¶ https://t.co/6Ok6iqysN1",0.3182,0.113,0.0,0.887,64
264,CNN,US elections observers in a fiercely-contested state governor election in Nigeria say they witnessed what appeared‚Ä¶ https://t.co/bJkSuLEhuW,0.0,0.0,0.0,1.0,65
265,CNN,Stepping into this Seoul cafe feels like entering the black-and-white world of a cartoon https://t.co/fKJfO91Bp0 vi‚Ä¶ https://t.co/pX1D1hCjb7,0.3612,0.143,0.0,0.857,66
266,CNN,300 glowing drones illuminate the night sky in this choreographed spectacle https://t.co/B2RhWYaYzt https://t.co/u55NzjyaCD,0.0,0.0,0.0,1.0,67
267,CNN,Watch a seal slap a kayaker in the face -- with an octopus: https://t.co/o5zJ8GhVv8 https://t.co/DpY14vwL6v,0.1531,0.118,0.0,0.882,68
268,CNN,"‚ÄúI am tired of the daily chaos, the pettiness, the meanness that too often dominates the political discourse. We al‚Ä¶ https://t.co/QvRbz5c5qZ",-0.7506,0.047,0.256,0.698,69
269,CNN,Half of the world's killer whales could be wiped out before the end of the century -- and it's because of pollution‚Ä¶ https://t.co/rAgxDbsEJ6,-0.6486,0.0,0.163,0.837,70
270,CNN,At least 48 people are dead and more than 350 injured after a series of earthquakes and a tsunami hit the Indonesia‚Ä¶ https://t.co/RwzaqL0XIV,-0.8055,0.0,0.277,0.723,71
271,CNN,"Limiting kids' recreational screen time to less than 2 hours a day, along with sufficient sleep and physical activi‚Ä¶ https://t.co/iRAX2JJTQD",0.0,0.0,0.0,1.0,72
272,CNN,11 state lawmakers in Maryland have asked Montgomery County law enforcement officials to investigate the 36-year-ol‚Ä¶ https://t.co/uTbEB6D1nr,0.0,0.0,0.0,1.0,73
273,CNN,A half-hearted cheer for Jeff Flake | By Noah Berlatsky via @CNNOpinion https://t.co/3kHtzmYg4O https://t.co/YGFg5fMJm1,0.5106,0.231,0.0,0.769,74
274,CNN,"""What is... yes?"" A ""Jeopardy!"" contestant surprised his girlfriend with a marriage proposal https://t.co/tey6M6LEfv https://t.co/qTnnGcWILe",0.2942,0.154,0.0,0.846,75
275,CNN,"Two young children died in separate incidents after being left alone in hot cars Friday in Florida, police said‚Ä¶ https://t.co/6aeNr8t73L",-0.6808,0.0,0.237,0.763,76
276,CNN,"LeBron James' HBO documentary ""Student Athlete"" indicts the NCAA | By CNN's Brian Lowry 
 https://t.co/VDeFOmjHcf https://t.co/MDLnHlRiKD",0.0,0.0,0.0,1.0,77
277,CNN,Jeff Flake's moment: How a reliable conservative cast Brett Kavanaugh's Supreme Court confirmation into doubt‚Ä¶ https://t.co/RYoI1Yd4i8,0.5574,0.205,0.0,0.795,78
278,CNN,"This part of the brain holds the key to Ford's memory | By Robert M. Sapolsky, a professor of biology, neurology an‚Ä¶ https://t.co/NOTPOuOOua",0.0,0.0,0.0,1.0,79
279,CNN,"RT @CNNTonight: Samantha Guerry says her longtime friend, Christine Blasey Ford says ""there's [political] agendas on both sides. The one pe‚Ä¶",0.4939,0.138,0.0,0.862,80
280,CNN,Israeli Prime Minister Benjamin Netanyahu would not commit to a two-state solution to Israel's ongoing conflict wit‚Ä¶ https://t.co/GIHnLu5tfK,-0.2235,0.112,0.204,0.683,81
281,CNN,An American flag shown on a livestream as it was shredded by the fury of Hurricane Florence is being auctioned to h‚Ä¶ https://t.co/EE4Y8denkj,-0.5719,0.0,0.15,0.85,82
282,CNN,"RT @CuomoPrimeTime: .@chriscuomo on a surprising end to a turbulent week: 

If senators could make something happen on an issue so ugly and‚Ä¶",-0.4838,0.083,0.167,0.75,83
283,CNN,"RT @CNNTonight: Samantha Guerry, a longtime friend of Christine Blasey Ford tells CNN's @DonLemon that the order for the FBI to investigate‚Ä¶",0.4939,0.138,0.0,0.862,84
284,CNN,"Washington's wild, unresolved week https://t.co/f79x6WHY6u https://t.co/W16MFofw5O",0.0,0.0,0.0,1.0,85
285,CNN,Residents in a community north of St. Louis got some news this week they've longed wanted to hear. Radioactive mate‚Ä¶ https://t.co/qCT8VjWfF0,0.0,0.0,0.0,1.0,86
286,CNN,"""Millions of Americans could follow live something that looked like a search for truth, but only on the surface. ..‚Ä¶ https://t.co/81quaeom0L",0.34,0.159,0.0,0.841,87
287,CNN,"RT @OutFrontCNN: Deborah Ford Peters, Christine Blasey Ford's sister-in-law on Kavanaugh: ""I felt like he was extremely defensive even to t‚Ä¶",0.4391,0.17,0.0,0.83,88
288,CNN,"A federal judge in Washington, DC, ruled that a lawsuit brought by more than 200 Democrats in Congress against Pres‚Ä¶ https://t.co/R7e0jYZGYY",-0.2263,0.0,0.095,0.905,89
289,CNN,Meet DJ Switch: A 10-year-old girl from Ghana who wants to be a gynecologist when she grows up. Erica Armah Bra-Bul‚Ä¶ https://t.co/YKb5O9WgfJ,0.0,0.0,0.0,1.0,90
290,CNN,RT @CuomoPrimeTime: Democrat @ChrisCoons describes the dramatic private conversation he had with Sen. Flake leading to an agreement for an‚Ä¶,0.4939,0.144,0.0,0.856,91
291,CNN,"RT @CuomoPrimeTime: Former Yale classmate of Brett Kavanaugh, Liz Swisher, describes him as ‚Äúone of the beer drinking boys,‚Äù saying she nev‚Ä¶",0.0,0.0,0.0,1.0,92
292,CNN,"Ted Turner is battling Lewy body dementia, the CNN founder revealed in an interview that will air over the weekend‚Ä¶ https://t.co/8im8iY4DQf",-0.2732,0.0,0.095,0.905,93
293,CNN,The last abortion clinic in Kentucky can stay open after a federal judge threw out a state law on licensing agreeme‚Ä¶ https://t.co/O66Qb5GYLf,0.0,0.0,0.0,1.0,94
294,CNN,"At least one person died and 10 were injured, according to Indonesia's Disaster Management Agency, after a series o‚Ä¶ https://t.co/JcvcWBAGNM",-0.886,0.0,0.394,0.606,95
295,CNN,"He was the only one in his family to survive the Holocaust, and he's pushing Oregon state legislators to mandate th‚Ä¶ https://t.co/m8GZOV5qml",0.0,0.0,0.0,1.0,96
296,CNN,300 glowing drones illuminate the night sky in this choreographed spectacle https://t.co/B2RhWXTnHV https://t.co/z279VXXjjS,0.0,0.0,0.0,1.0,97
297,CNN,McDonald's is removing artificial additives from its burgers https://t.co/XiawloGSkD https://t.co/WPCdJlq4pS,0.0,0.0,0.0,1.0,98
298,CNN,SiriusXM is buying Pandora in a $3.5 billion all-stock deal. The deal will create the world's largest audio enterta‚Ä¶ https://t.co/ttyGjlJI28,0.2732,0.104,0.0,0.896,99
299,CNN,Democrats seize on circumstantial July 1 theory for Kavanaugh and Ford | Analysis by CNN's Z. Byron Wolf‚Ä¶ https://t.co/20chDzhvrO,0.0,0.0,0.0,1.0,100
300,Fox News,".@JudgeJeanine: ""The establishment Republicans have buckled, caved and bowed to the Democrats."" https://t.co/bR7nbTuMe4",0.0,0.0,0.0,1.0,1
301,Fox News,"Speaking with reporters at the @WhiteHouse before his departure to West Virginia for a rally Saturday, President‚Ä¶ https://t.co/jcHMMhpEsu",0.0,0.0,0.0,1.0,2
302,Fox News,"Russia, North Korea use UN General Assembly to blast US. https://t.co/xikiCMnDe5",0.0,0.0,0.0,1.0,3
303,Fox News,".@SebGorka: ""This is politics in 2018 and it should disgust all Americans."" @WattersWorld https://t.co/9nGcz8FNzN",-0.5994,0.0,0.231,0.769,4
304,Fox News,"Trump defends Kavanaugh, derides Dems for shameful conduct and socialist shift during West Virginia rally. https://t.co/qQm4MwmD95",-0.6369,0.0,0.271,0.729,5
305,Fox News,".@POTUS: ""Together we are taking back our country, and returning power to where it belongs‚Äîto the American people.""‚Ä¶ https://t.co/zSGySvpSJk",0.0,0.0,0.0,1.0,6
306,Fox News,".@POTUS on North Korea: ""Now we have this great relationship, let's see what happens."" https://t.co/Hb6tsSeyTI https://t.co/q0AqhZB80g",0.7073,0.245,0.0,0.755,7
307,Fox News,".@POTUS on trade: ""China, we're taking them on very strongly. First time ever."" https://t.co/Hb6tsSeyTI https://t.co/h0fKLMScW6",0.3384,0.146,0.0,0.854,8
308,Fox News,".@POTUS: ""Republicans believe America should be a sanctuary for law abiding Americans, not criminal aliens.""‚Ä¶ https://t.co/DukJfuysuc",0.4168,0.165,0.0,0.835,9
309,Fox News,"TOMORROW: @benshapiro breaks down the Kavanaugh accusations, the hearings and D.C. hypocrisy on the second edition‚Ä¶ https://t.co/fwJI1D3sLY",-0.3182,0.0,0.126,0.874,10
310,Fox News,".@POTUS on Sen. @CoryBooker: ""He ran Newark, New Jersey, into the ground and now he wants to be president.""‚Ä¶ https://t.co/TF1FLbmPKZ",0.0,0.0,0.0,1.0,11
311,Fox News,".@POTUS on the border wall: ""We're building it...we'll get it finished."" https://t.co/IBcnOJrLHo",0.0,0.0,0.0,1.0,12
312,Fox News,".@POTUS: ""A vote to confirm Judge Kavanaugh is a vote to confirm one of the most accomplished legal minds of our ti‚Ä¶ https://t.co/YJqvAitmI1",0.6087,0.199,0.0,0.801,13
313,Fox News,".@POTUS on @SenFeinstein's response that she didn't leak the Ford document: ""That was really bad body language. Who‚Ä¶ https://t.co/v5mi6skXKo",-0.4131,0.089,0.166,0.745,14
314,Fox News,".@POTUS: ""America is winning again and America is respected again."" https://t.co/Hb6tsSeyTI https://t.co/ICF0xKg7Da",0.7579,0.394,0.0,0.606,15
315,Fox News,.@POTUS holds a rally in West Virginia. https://t.co/SLhMJLDbjm https://t.co/XZtJHSYDmu,0.0,0.0,0.0,1.0,16
316,Fox News,"NEW: White House instructs FBI to question first two Kavanaugh accusers, but not the third, according to a report. https://t.co/labjueHstw",0.0,0.0,0.0,1.0,17
317,Fox News,"North Carolina residents should avoid Florence-affected waters, officials say. https://t.co/OJtMuNGD58",-0.296,0.0,0.196,0.804,18
318,Fox News,"'It Was Heartbreaking': Friend of Kavanaugh Reacts to Hearings, FBI Probe. https://t.co/ZDOJPImbEz",0.4939,0.225,0.0,0.775,19
319,Fox News,.@kayleighmcenany: Kavanaugh horror show is what Washington will look like if Democrats take back power. (via‚Ä¶ https://t.co/tj5Ljdexr2,-0.296,0.118,0.175,0.708,20
320,Fox News,Canadian woman‚Äôs text to the wrong number brings a kind stranger to family wake. https://t.co/ImY62ql3MG,0.1531,0.25,0.165,0.585,21
321,Fox News,"Indiana couple whose baby died after ingesting meth arrested, charged with neglect, police say. https://t.co/fjoqRvCOS5",-0.8885,0.0,0.511,0.489,22
322,Fox News,'Don't Lie to Me': Barbra Streisand Blasts President Trump in Song Off 'Walls' Album. https://t.co/3lrA4P2bTX,0.0,0.0,0.0,1.0,23
323,Fox News,"Texas man reportedly attacked by two pit bulls loses both ears, graphic photos show. https://t.co/ZjnxT3fvdu",-0.6486,0.0,0.29,0.71,24
324,Fox News,FBI contacts 2nd Kavanaugh accuser; Trump says extra scrutiny may be 'blessing in disguise' https://t.co/fhFraiQleR,0.296,0.176,0.11,0.714,25
325,Fox News,"JUST IN: Elon Musk to step down as chairman of @Tesla, pay $20M in penalties in SEC settlement. https://t.co/oBC45qnEAB",-0.1027,0.0,0.072,0.928,26
326,Fox News,SUNDAY: Fox News goes inside the Kavanaugh nomination and next steps. Tune in for live coverage starting at 9p ET. https://t.co/K7ydliMVic,0.0,0.0,0.0,1.0,27
327,Fox News,SUNDAY: Don't miss @PressSec's exclusive interview on @FoxNewsSunday. Check your local listings and tune in at 2p a‚Ä¶ https://t.co/WEQfex0AEE,0.0191,0.073,0.069,0.858,28
328,Fox News,"Season 7 of 'Last Man Standing' debuts on new network, Fox, to big Friday-night ratings. https://t.co/VIkrurfqVs",0.0,0.0,0.0,1.0,29
329,Fox News,".@POTUS: ""I would like to find out as part of [the FBI investigation] who leaked the papers."" https://t.co/fDY5XEezMK",0.0516,0.12,0.111,0.769,30
330,Fox News,".@POTUS on FBI investigation into Judge Kavanaugh: ""Having them do a thorough investigation, I actually think will‚Ä¶ https://t.co/l9N96G72yC",0.0,0.0,0.0,1.0,31
331,Fox News,".@POTUS on Kavanaugh: ""He's a good man. He's a great judge."" https://t.co/qjDPyRwY8V",0.7906,0.467,0.0,0.533,32
332,Fox News,".@POTUS on FBI investigation into Judge Kavanaugh: ""They have free rein. They're going to do whatever they have to‚Ä¶ https://t.co/7MMrhrYxXB",0.5106,0.148,0.0,0.852,33
333,Fox News,.@POTUS departs Andrews Air Force Base en route to a rally in West Virginia. Tune in to Fox News Channel for LIVE c‚Ä¶ https://t.co/FsoyIf4wqJ,0.0,0.0,0.0,1.0,34
334,Fox News,.@SteveHiltonx: Kavanaugh hearing shows divisive Democrats must be defeated before they destroy America. (via‚Ä¶ https://t.co/dQzAyuDwhp,-0.765,0.0,0.337,0.663,35
335,Fox News,"The 7.5 magnitude earthquake in Indonesia triggered a massive tsunami, leaving at least 300 dead.‚Ä¶ https://t.co/mn4rkG4MBB",0.0,0.0,0.0,1.0,36
336,Fox News,"NYC airport workers to earn nation's highest minimum wage.
https://t.co/og3aG0vfp0",0.0,0.0,0.0,1.0,37
337,Fox News,"Lindsay Lohan gets punched in the face after accusing refugee parents of trafficking, trying to take the kids. https://t.co/NnLJMQhAAL",-0.1779,0.0,0.086,0.914,38
338,Fox News,Dog in Virginia possibly 'clawed' its way out of plastic bag prior to rescue. https://t.co/gvv7K7w1K0,0.5106,0.191,0.0,0.809,39
339,Fox News,"New details: Boy, 13, attacked by shark in San Diego County during diving trip, suffers serious injuries. https://t.co/HW7WjVPreE",-0.7269,0.057,0.326,0.617,40
340,Fox News,Sen. @JeffFlake defends call for Kavanaugh delay: 'We're coming apart at the seams' https://t.co/2mhgYVqgwO,-0.3182,0.0,0.15,0.85,41
341,Fox News,Two police officers killed after shootout in Mississippi. https://t.co/rHXSCtvOQA,-0.6705,0.0,0.36,0.64,42
342,Fox News,"BREAKING: FBI contacts second Kavanaugh accuser, Deborah Ramirez, as part of newly authorized investigation. https://t.co/l52xQrtZyJ",0.0,0.0,0.0,1.0,43
343,Fox News,".@VP Mike Pence takes the stage with his son, @USMC 1st Lt. Michael Pence (left), who was among seven aviators earn‚Ä¶ https://t.co/SAsar44Tgy",0.0,0.0,0.0,1.0,44
344,Fox News,Florida woman arrested in hot-car death of 1-year-old daughter. https://t.co/Frl2V2NtRx,-0.7906,0.0,0.467,0.533,45
345,Fox News,.@JohnFund: Kavanaugh debate is exactly why our founders thought early voting was a bad idea. (via @FoxNewsOpinion) https://t.co/pcmEty1SXe,-0.5423,0.0,0.179,0.821,46
346,Fox News,North Korea agrees to dismantle nuclear site if U.S. reduces ground forces in South Korea. https://t.co/wh2tz8WlrY https://t.co/cpHr75SfxS,0.2023,0.101,0.0,0.899,47
347,Fox News,"SUNDAY: Don't miss Kentucky Gov. @MattBevin on ""Life, Liberty and Levin"" hosted by @marklevinshow. Tune in at 11p E‚Ä¶ https://t.co/s3iuLjWduD",0.5919,0.212,0.0,0.788,48
348,Fox News,"Sarah Palin's eldest son, Track, arrested on domestic violence charges, police say. https://t.co/cK8MSHsAoh",-0.8519,0.0,0.482,0.518,49
349,Fox News,Facebook announced nearly 50 million accounts were exposed during a major security breach. @Jeff_Journalist reports‚Ä¶ https://t.co/FQtuYGxQ1P,0.2732,0.144,0.078,0.778,50
350,Fox News,"Boy, 13, attacked by shark in San Diego County during diving trip, suffers serious injuries. https://t.co/HW7WjVPreE",-0.7269,0.063,0.357,0.58,51
351,Fox News,"TONIGHT: @POTUS holds a rally in Wheeling, West Virginia at 7p ET. Tune in to Fox News Channel for LIVE coverage. https://t.co/FBWGoxLf2Y",0.0,0.0,0.0,1.0,52
352,Fox News,North Korean foreign minister says country will never disarm nuclear weapons without trust in US https://t.co/qfB66jzgL3,-0.0762,0.126,0.141,0.733,53
353,Fox News,Kanye West announces his new name is 'Ye' ahead of 'SNL' appearance https://t.co/cQJMFSHF4e,0.0,0.0,0.0,1.0,54
354,Fox News,Joanna Gaines and Jenna Bush Hager attend Reese Witherspoon's book launch in Texas https://t.co/VHNMtBFdGD,0.0,0.0,0.0,1.0,55
355,Fox News,"This Texas man and his ""backup dancers"" were never out of step with each other. https://t.co/ltcHo8yDWn",0.0,0.0,0.0,1.0,56
356,Fox News,"REFRESHING: Thunder, a dog in Illinois, has upgraded from a water bowl. This clever pooch gets water straight from‚Ä¶ https://t.co/yassu7iQ3h",0.6597,0.252,0.0,0.748,57
357,Fox News,Cassidy: FBI Should Investigate Dems' Efforts to Delay Kavanaugh Confirmation https://t.co/uGQtDmZ7QV,-0.3182,0.0,0.187,0.813,58
358,Fox News,LOOK: Pelosi Calls Republicans 'Despicable' in Misleading Fundraising Email https://t.co/jkYCNrIvvN,-0.4019,0.0,0.231,0.769,59
359,Fox News,SEAL SLAP: A kayaker in New Zealand had a surprise visitor ‚Äî who smacked him with an octopus. https://t.co/Wj71D7kK8u,0.5319,0.24,0.0,0.76,60
360,Fox News,Canadian woman‚Äôs text to the wrong number brings a kind stranger to family wake https://t.co/ImY62q3sV8,0.1531,0.25,0.165,0.585,61
361,Fox News,".@MichelleObama: ‚ÄúI am tired of the daily chaos, the pettiness, the meanness that too often dominates the political‚Ä¶ https://t.co/5cx4k96pnU",-0.7506,0.05,0.277,0.672,62
362,Fox News,'Last Man Standing' star Tim Allen says it's 'nobody's business' what he thinks about politics https://t.co/PYtsqdgVqJ,0.0,0.0,0.0,1.0,63
363,Fox News,Soldier Returning from Afghanistan Surprises 5-Year-Old Daughter https://t.co/jlJ5J5F0J5,0.2263,0.213,0.0,0.787,64
364,Fox News,The U.S. Navy Blue Angels perform a dynamic aerial maneuver during the 2018 Marine Corps Air Station Miramar Air Sh‚Ä¶ https://t.co/0odXp96Nij,0.3818,0.12,0.0,0.88,65
365,Fox News,"Paralyzed patients take first steps after implant, intense rehab https://t.co/yzYR8uZuqx",0.0772,0.126,0.0,0.874,66
366,Fox News,RT @FoxBusiness: World's first flying car about to go on sale  https://t.co/SgxFQnF9g8,0.0,0.0,0.0,1.0,67
367,Fox News,RT @FoxBusiness: Americans' optimism on economy near two-decade high  https://t.co/csUQIam7xq,0.5423,0.28,0.0,0.72,68
368,Fox News,RT @FoxBusiness: Boeing wins $2.4 billion Air Force contract for new Huey helicopter https://t.co/d0edWlGE2k,0.5719,0.222,0.0,0.778,69
369,Fox News,"Critical moments for our country need real, smart coverage. That‚Äôs why for the Kavanaugh hearings, more Americans t‚Ä¶ https://t.co/WCUfEvNPzO",0.1027,0.123,0.105,0.773,70
370,Fox News,'Jeff Flake Has No Spine': Bongino Says Lawmaker 'Sold Out the GOP' With Call for Kavanaugh Probe https://t.co/kqu0nB29BS,-0.296,0.0,0.115,0.885,71
371,Fox News,"Steve Pomerantz: ‚ÄúThe FBI never reaches a conclusion, but hopefully they provide enough information within their re‚Ä¶ https://t.co/VYdcCKVW9j",0.5386,0.181,0.055,0.764,72
372,Fox News,"'It Was Heartbreaking': Friend of Kavanaugh Reacts to Hearings, FBI Probe https://t.co/tkfpfIpSav",0.4939,0.225,0.0,0.775,73
373,Fox News,SUNDAY: Don't miss @PressSec's exclusive interview on @FoxNewsSunday. Check your local listings and tune in at 2p a‚Ä¶ https://t.co/bZxOvLEosK,0.0191,0.073,0.069,0.858,74
374,Fox News,Michael Moore slams ex-wife's lawsuit as a 'smear campaign' https://t.co/Uq9cyfzNAj,-0.5267,0.0,0.386,0.614,75
375,Fox News,Maryland authorities say they'll investigate Kavanaugh -- if a victim files a complaint https://t.co/MOUtqsYuNL,-0.5106,0.0,0.301,0.699,76
376,Fox News,Amal Clooney fights to have imprisoned journalists pardoned at UN conference https://t.co/BsLmzLYxz7,-0.5859,0.114,0.343,0.542,77
377,Fox News,Joshua Rogers: I tried to help two hostages escape terrorists. Here's what happened https://t.co/lqmv8F0li1,-0.1779,0.238,0.222,0.541,78
378,Fox News,"Peter Navarro: ‚ÄúNAFTA was a tremendous, tremendous harm to this country.‚Äù https://t.co/HA7OpayWcz",-0.5423,0.0,0.259,0.741,79
379,Fox News,Peter Navarro: ‚ÄúMost of the big issues are solved with Canada. It‚Äôs a great deal for all three countries in that it‚Ä¶ https://t.co/JN060VIVzo,0.7351,0.237,0.0,0.763,80
380,Fox News,"Peter Navarro: ‚ÄúAt the end of the day, this president is not going to take a deal that‚Äôs not good for this county.‚Äù https://t.co/R48KVRd34T",-0.3412,0.0,0.099,0.901,81
381,Fox News,.@repcleaver: ‚ÄúWhat we saw yesterday was an undignified dogfight parading as a hearing.‚Äù https://t.co/AT6o6lClnR,0.0,0.0,0.0,1.0,82
382,Fox News,".@repcleaver: ‚ÄúBoth sides, Republicans and Democrats, went into the hearing saying, ‚Äòthe other side has a closed mi‚Ä¶ https://t.co/aqf5rfYE9x",0.0,0.0,0.0,1.0,83
383,Fox News,Graham says McCain's anger at Kavanaugh hearing 'would have made me look like a choir boy' https://t.co/cRKfSPBbPY,-0.296,0.124,0.183,0.693,84
384,Fox News,"TOMORROW: @benshapiro breaks down the Kavanaugh accusations, the hearings and D.C. hypocrisy on the second edition‚Ä¶ https://t.co/kJkVzzybcw",-0.3182,0.0,0.126,0.874,85
385,Fox News,.@GriffJenkins is live with the ‚ÄòFox News Update‚Äô on Facebook Watch: https://t.co/hNrB8xzepH https://t.co/Lqu82OcuQD,0.0,0.0,0.0,1.0,86
386,Fox News,Bride surprises groom with first look at his mother‚Äôs grave https://t.co/RNgniKBo89,-0.1779,0.141,0.193,0.667,87
387,Fox News,.@SteveDoocy and his new ‚ÄòThe Happy Cookbook‚Äô -- Want an instant happy place? Make a pot roast! https://t.co/Z1up344276,0.8398,0.391,0.0,0.609,88
388,Fox News,JUST IN: Two police officers dead following confrontation in Mississippi https://t.co/VYRX0Q1rmg,-0.765,0.0,0.423,0.577,89
389,Fox News,Shark in Bahamas tries eating fisherman's boat motor https://t.co/Suc975UA9b,0.0,0.0,0.0,1.0,90
390,Fox News,".@RepGoodlatte: ‚ÄúI issued a subpoena to the Justice Department, compelling them to issue the McCabe memos to the Co‚Ä¶ https://t.co/WUYJaTUAwZ",0.6486,0.238,0.0,0.762,91
391,Fox News,".@RajShah45: ‚ÄúTo reassure certain senators, the president has ordered this supplemental FBI probe.‚Äù https://t.co/akpqU5c3DU",0.5423,0.273,0.0,0.727,92
392,Fox News,".@RajShah45: ‚ÄúTo reassure certain senators, the president has ordered this supplemental FBI probe.‚Äù https://t.co/AdMpCaO0bB",0.5423,0.273,0.0,0.727,93
393,Fox News,"Wanda Sykes' Trump jokes lead to heckling, walkouts https://t.co/2QiOEGpXMd",0.0772,0.187,0.159,0.654,94
394,Fox News,RT @foxnation: Word is spreading fast about Fox Nation! Watch our new national ad and be sure to sign up for updates: https://t.co/N6LRGAVR‚Ä¶,0.3802,0.105,0.0,0.895,95
395,Fox News,"Brandon Judd: ‚ÄúOf all people that should want to secure the border, it should be the Democrats because this is a ra‚Ä¶ https://t.co/QDBnupEnrx",0.4019,0.156,0.0,0.844,96
396,Fox News,NBA legend Kobe Bryant seen helping drivers involved in car accident https://t.co/CIaC7n6J1g,-0.2263,0.144,0.203,0.654,97
397,Fox News,.@JessicaTarlov: ‚ÄúI‚Äôm happy that there will be an FBI investigation and I think that was the only responsible thing‚Ä¶ https://t.co/yyppdDLCEh,0.7184,0.261,0.0,0.739,98
398,Fox News,"SUNDAY: Don't miss Kentucky Gov. @MattBevin on ""Life, Liberty and Levin"" hosted by @marklevinshow. Tune in at 11p E‚Ä¶ https://t.co/j2GutFMnf4",0.5919,0.212,0.0,0.788,99
399,Fox News,The Miami Police Department just got the coolest cop car ever https://t.co/Y5DFlK2fqe,0.0,0.0,0.0,1.0,100
400,The New York Times,"U.S. Weighed Penalizing El Salvador Over Support for China, Then Backed Off https://t.co/TkBOYa8uPO",0.4215,0.257,0.0,0.743,1
401,The New York Times,"Christine Blasey Ford's composed, but wrenching, testimony was ""a stark reminder of the gender dynamics, and mental‚Ä¶ https://t.co/JcSJ1sduYP",0.3919,0.135,0.0,0.865,2
402,The New York Times,Here are 3 things an FBI investigation into Christine Blasey Ford's allegations against Kavanaugh could clear up. https://t.co/kzlrRZksSG,0.3818,0.14,0.0,0.86,3
403,The New York Times,"Japan‚Äôs Mothers Go Back to Work, but Find the Opportunities Lacking https://t.co/N6tX0JO4vJ",0.5267,0.236,0.0,0.764,4
404,The New York Times,"On Crowded London Streets, Councils Fight a Flood of Phone Boxes https://t.co/NYg9Yxk2Vz",-0.3818,0.0,0.206,0.794,5
405,The New York Times,"In the Connecticut wilderness, a Portuguese hotel designer has created an unexpected respite that retains the magic‚Ä¶ https://t.co/7O77L21MyG",0.25,0.111,0.0,0.889,6
406,The New York Times,Warren Says She Will Take ‚ÄòA Hard Look‚Äô at Running for President in 2020 https://t.co/L34wqV5e2M,-0.1027,0.0,0.091,0.909,7
407,The New York Times,Senator Elizabeth Warren says she would ‚Äútake a hard look‚Äù at running for president in 2020 and called on the natio‚Ä¶ https://t.co/OTvefIubRm,-0.1027,0.0,0.065,0.935,8
408,The New York Times,Roast a chicken and you know you have a comfortable meal https://t.co/fCEZkKuow9,0.5106,0.268,0.0,0.732,9
409,The New York Times,"Yankees 8, Red Sox 5: Yankees Send One Over the Fence and Into the Record Book https://t.co/Nw6IAy9L6h",0.0,0.0,0.0,1.0,10
410,The New York Times,"With all of its emotion and anger, the fight over Brett Kavanaugh‚Äôs nomination shows the power ‚Äî and limitations ‚Äî‚Ä¶ https://t.co/noh4jNNSNi",-0.743,0.0,0.259,0.741,11
411,The New York Times,Why I Love Reality Television https://t.co/AGqWcEkMpq,0.6369,0.512,0.0,0.488,12
412,The New York Times,"The ancient roads, pyramids and houses revealed by laser mapping are forcing researchers to reevaluate what they th‚Ä¶ https://t.co/baWBR8vmel",0.0,0.0,0.0,1.0,13
413,The New York Times,"In KFC‚Äôs China Ads, Nuggets Are Served With Patriotism https://t.co/6NkG3Ummnl",0.0,0.0,0.0,1.0,14
414,The New York Times,RT @nytopinion: The battle between the competing moralisms behind the Kavanaugh hearings risks becoming an all-out war between the sexes ‚Äî‚Ä¶,-0.8225,0.0,0.323,0.677,15
415,The New York Times,"RT @nytimesworld: ‚ÄúWithout any trust in the United States, there will be no confidence in our national security, and under such circumstanc‚Ä¶",0.8625,0.381,0.071,0.548,16
416,The New York Times,"The single best use of boneless, skinless chicken breasts? Make chicken francese, an Italian-American staple with l‚Ä¶ https://t.co/RlGsumk7mI",0.6369,0.198,0.0,0.802,17
417,The New York Times,"As others fled amid a 7.5 magnitude earthquake, the last act of an air traffic controller in Palu, Indonesia was to‚Ä¶ https://t.co/krLnJkGH9P",0.0,0.0,0.0,1.0,18
418,The New York Times,Breaking News: Elon Musk will step down as Tesla's chairman for 3 years and pay a $20 million fine in an S.E.C. set‚Ä¶ https://t.co/BqwBhxl4xT,0.1027,0.078,0.06,0.862,19
419,The New York Times,RT @NYTScience: Their dad went to the moon and back. He wanted to know if they mowed the lawn. https://t.co/CFi9Hyye3a,0.0,0.0,0.0,1.0,20
420,The New York Times,"Train stations, some remade and others crumbling, reflect the trajectories of their towns and cities. See what we f‚Ä¶ https://t.co/icEIVfkdLi",0.0,0.0,0.0,1.0,21
421,The New York Times,"In Opinion

Op-Ed contributor Rebecca Traister writes, ""This political moment has provoked a period in which more a‚Ä¶ https://t.co/2bLeiEnY5c",-0.2732,0.0,0.11,0.89,22
422,The New York Times,The clock has begun ticking on the one-week FBI investigation into sexual misconduct allegations made against Brett‚Ä¶ https://t.co/2iTIWCs99o,0.0,0.0,0.0,1.0,23
423,The New York Times,A 2016 law in France penalized paying for sex instead of selling it. But some prostitutes say that law puts them in‚Ä¶ https://t.co/Cr8QXhubCD,0.0,0.0,0.0,1.0,24
424,The New York Times,"After 45 years, more than 1,000 fights and some of the most lucrative and controversial matches of all time, HBO is‚Ä¶ https://t.co/4mMsRAGgP2",-0.6159,0.0,0.201,0.799,25
425,The New York Times,"""Rarely has the reputation of a leader fallen so far, so fast."" Aung San Suu Kyi: Nobel laureate, democracy icon an‚Ä¶ https://t.co/mZsqBBfYGG",-0.3612,0.0,0.111,0.889,26
426,The New York Times,Golf Digest and college students helped free a man wrongly convicted of murder. Here's the week in good news. https://t.co/yzDgXavDaQ,0.128,0.23,0.175,0.595,27
427,The New York Times,"A Sloan Kettering executive will give up his $1.4 million stake in a biotech start-up, as the hospital re-examines‚Ä¶ https://t.co/0yV9ZY68y7",0.0,0.0,0.0,1.0,28
428,The New York Times,Text messages that were supposed to warn Indonesians of a possible tsunami were foiled when cellphone towers were d‚Ä¶ https://t.co/A3nTUxRGuF,-0.1027,0.0,0.072,0.928,29
429,The New York Times,"He was always smiling, always laughing and running, like the average 4-year-old,‚Äù a neighbor said. ‚ÄúThat‚Äôs why this‚Ä¶ https://t.co/cZNILgbREW",0.8271,0.367,0.0,0.633,30
430,The New York Times,"In Opinion
Op-Ed contributor Sarah Hepola writes, ""I cannot know whether Judge Kavanaugh experienced a blackout. Bu‚Ä¶ https://t.co/WYAFRRh0Mq",0.0,0.0,0.0,1.0,31
431,The New York Times,"Did you stay up to date this week? Find out with this week's news quiz.
https://t.co/RrFhnBzf7H",0.0,0.0,0.0,1.0,32
432,The New York Times,"The booming housing market is slowing down. Years of breakneck price increases have outpaced wages, and buyers have‚Ä¶ https://t.co/L4av1FXzA9",0.0,0.0,0.0,1.0,33
433,The New York Times,"With their indignant eruptions in the Senate, Brett Kavanaugh and Lindsey Graham took a page from President Trump's‚Ä¶ https://t.co/Y6GaKJHoMP",-0.4215,0.0,0.141,0.859,34
434,The New York Times,RT @nytimesbusiness: The White House Council of Economic Advisers calculates that increasingly generous paid leave benefits mean that the a‚Ä¶,0.6908,0.245,0.05,0.705,35
435,The New York Times,"Organizers have announced a date for the 2019 Women's March, which will be held in Washington with sister demonstra‚Ä¶ https://t.co/6b1sZxT5RE",0.0,0.0,0.0,1.0,36
436,The New York Times,The invisible recession: A major economic event in 2016 escaped much public notice. But its impact was huge. https://t.co/HkKRiSBiOw,0.2617,0.141,0.091,0.767,37
437,The New York Times,"Our 52 Places Traveler visits the Italian Dolomites and finds mountains like a ""crowd of pious giants frozen in sto‚Ä¶ https://t.co/w9KvaH0hgw",0.3612,0.116,0.0,0.884,38
438,The New York Times,Sign up to get the Race/Related newsletter by email https://t.co/j1V640Odl3,0.0,0.0,0.0,1.0,39
439,The New York Times,"""Black women‚Äôs feminist contributions are very often erased,"" the novelist Tayari Jones observed. But their influen‚Ä¶ https://t.co/CG1Gty3FJw",0.0,0.0,0.0,1.0,40
440,The New York Times,"At this very moment, The Upshot and Siena College pollsters are making phone calls across America. You call follow‚Ä¶ https://t.co/FEh7w3EIsH",0.0,0.0,0.0,1.0,41
441,The New York Times,"Christine Blasey Ford's composed, but wrenching, testimony was ""a stark reminder of the gender dynamics, and mental‚Ä¶ https://t.co/QRAo9fYkb6",0.3919,0.135,0.0,0.865,42
442,The New York Times,A sleepless night and pressure from all sides: Inside the 24 hours that led Senator Jeff Flake to call to investiga‚Ä¶ https://t.co/cnfYEQkQcE,-0.296,0.0,0.099,0.901,43
443,The New York Times,"RT @nytopinion: I never felt compelled to share my story before, because it is so common, because so many women have been through worse. Bu‚Ä¶",-0.2612,0.08,0.155,0.765,44
444,The New York Times,"Marty Balin, the founder, lead singer and songwriter for Jefferson Airplane and key member of Jefferson Starship, d‚Ä¶ https://t.co/Soyr6U4eID",0.0,0.0,0.0,1.0,45
445,The New York Times,"Brett Kavanaugh‚Äôs testimony raised questions about his neutrality and temperament, threatening the already fragile‚Ä¶ https://t.co/pyz4RGBCmF",-0.5267,0.0,0.195,0.805,46
446,The New York Times,"""I feel like it was a message being sent: 'Don‚Äôt be like Tara or you will end up like Tara,'"" one woman said of the‚Ä¶ https://t.co/ZO6fAkjXHT",0.7579,0.254,0.0,0.746,47
447,The New York Times,The parents of this 6-year-old boy believed his speech difficulties were due to developmental delays. Then a dentis‚Ä¶ https://t.co/ag4Kk6ekJ5,-0.296,0.0,0.115,0.885,48
448,The New York Times,"In a unanimous vote, Canadian lawmakers move to strip Daw Aung San Suu Kyi of her honorary citizenship https://t.co/KBI7JlUI2h",0.34,0.124,0.0,0.876,49
449,The New York Times,"Christine Blasey Ford‚Äôs searing testimony before the Senate Judiciary Committee, and Brett Kavanaugh‚Äôs furious resp‚Ä¶ https://t.co/UjbN3YWdSi",-0.5719,0.0,0.198,0.802,50
450,The New York Times,"RT @NYTScience: ‚ÄúIf you are too upset, you are crazy. If you are not upset enough, people don‚Äôt believe you were raped. So you have to be j‚Ä¶",-0.9042,0.0,0.337,0.663,51
451,The New York Times,"""They played football, they joined a fraternity, they drank and partied, and it's just part of Americana: That's ho‚Ä¶ https://t.co/EG27RVgRnK",0.5859,0.22,0.0,0.78,52
452,The New York Times,"""The Simpsons"" is turning 30, and the Simpsons haven't aged a day. But they have evolved, as the culture has with t‚Ä¶ https://t.co/ma5XF4aF1G",0.0,0.0,0.0,1.0,53
453,The New York Times,"California Republican Rep. Duncan Hunter, himself indicted for misuse of campaign funds, launches ad suggesting his‚Ä¶ https://t.co/poEJN8D4dP",0.0,0.0,0.0,1.0,54
454,The New York Times,Here are 3 things an FBI investigation into Christine Blasey Ford's allegations against Kavanaugh could clear up. https://t.co/pYa7vXEijl,0.3818,0.14,0.0,0.86,55
455,The New York Times,"An earthquake and tsunami in Indonesia has killed nearly 400 people in one city alone, and the death toll could ris‚Ä¶ https://t.co/McBorQCrn7",-0.886,0.0,0.354,0.646,56
456,The New York Times,"Today, be kind to yourself
https://t.co/t4zSIkZ2bA",0.5267,0.405,0.0,0.595,57
457,The New York Times,"Recently widowed, they each joined a college program designed to keep older adults active and social. There, they f‚Ä¶ https://t.co/yZYzPPfzs4",-0.1027,0.118,0.136,0.746,58
458,The New York Times,"The Times fact-checked Brett Kavanaugh's hearing testimony about his drinking habits and whether friends had ""refut‚Ä¶ https://t.co/5iwyo3W7fK",0.4767,0.162,0.0,0.838,59
459,The New York Times,"International readers from South Africa to Scotland told us that they watched the Kavanaugh hearing: ""I don‚Äôt think‚Ä¶ https://t.co/fSnOcku47s",0.0,0.0,0.0,1.0,60
460,The New York Times,"Modern Love: ""I didn‚Äôt meet my girlfriend, Jessica, until 12 years after our daughter, Alice, was born. Let me expl‚Ä¶ https://t.co/RK6UxTnkIo",0.6369,0.174,0.0,0.826,61
461,The New York Times,Scraps of a former NFL lineman‚Äôs diary found after his death offer a painful glimpse of a football player losing hi‚Ä¶ https://t.co/dCXMjYGPjF,-0.8555,0.0,0.37,0.63,62
462,The New York Times,"How the FBI will investigate the Kavanaugh accusations
https://t.co/qAgTITm5RS",-0.3182,0.0,0.223,0.777,63
463,The New York Times,Facebook said that attackers exploited a weakness that enabled them to hijack the accounts of nearly 50 million use‚Ä¶ https://t.co/07YBUT2bjk,-0.8591,0.0,0.373,0.627,64
464,The New York Times,"RT @nytopinion: Kavanaugh's performance on Thursday was right out of Norman Rockwell with a touch of ""Mad Men,"" writes @NYTimesCohen https:‚Ä¶",-0.4939,0.0,0.144,0.856,65
465,The New York Times,"Kids‚Äô brainpower tied to exercise, sleep and limited screen time https://t.co/VfNqmeCgFt",-0.2263,0.0,0.16,0.84,66
466,The New York Times,"RT @nytrealestate: There's a reason why they call it ""staging a house"" - when you put your house on the market, it's not a place to live an‚Ä¶",0.0,0.0,0.0,1.0,67
467,The New York Times,"The Week in Good News: A Medical Breakthrough, a Sound Journey, Robyn https://t.co/KCUDQUwzUr",0.4404,0.225,0.0,0.775,68
468,The New York Times,Page to Screen: What to Read Before Heading to Movie Theaters This Fall https://t.co/FAqizfH6yk,0.0,0.0,0.0,1.0,69
469,The New York Times,"Chicken francese, sometimes called chicken French, is one of those rare restaurant dishes that's truly easy to cook‚Ä¶ https://t.co/6dkng0Ttao",0.7003,0.254,0.0,0.746,70
470,The New York Times,Having all the right cholesterol numbers and staying active is no guarantee your heart is in great shape https://t.co/zGk7vB2zM4,0.765,0.338,0.085,0.577,71
471,The New York Times,"RT @RorySmith: A curious quote here, a bad result there, a slightly dodgy WiFi connection: it doesn‚Äôt take much to send Man Utd over the ed‚Ä¶",-0.4228,0.084,0.186,0.73,72
472,The New York Times,This one-pan shrimp enchiladas verde recipe is as simple to make as it is tasty https://t.co/Lmw7eO1XAA https://t.co/Je0c16XmFx,0.0,0.0,0.0,1.0,73
473,The New York Times,The New Birds and Bees: Teaching Kids About Boundaries and Consent https://t.co/mVrenFA8HP,0.2263,0.147,0.0,0.853,74
474,The New York Times,"‚ÄúI don‚Äôt know who got a bigger fright: the seal, me or the octopus‚Äù https://t.co/gxayw44IQq",-0.3818,0.0,0.167,0.833,75
475,The New York Times,RT @nytimesworld: Seven men arrested in the Netherlands were arrested on charges of planning to attack a mass event with AK-47s and bomb be‚Ä¶,-0.9274,0.0,0.448,0.552,76
476,The New York Times,McKinsey &amp; Company is advising the Puerto Rican government on a financial overhaul to lighten its crippling debts.‚Ä¶ https://t.co/E1uRYpKeLb,0.0,0.0,0.0,1.0,77
477,The New York Times,Breaking News: Nearly 400 people were killed when an earthquake and a tsunami struck the Indonesian island of Sulaw‚Ä¶ https://t.co/4pQUmpMggT,-0.7579,0.0,0.277,0.723,78
478,The New York Times,A program intended to wipe away the student loans of qualifying public servants rejected more than 99% of those who‚Ä¶ https://t.co/06as1CWjkT,-0.5106,0.0,0.148,0.852,79
479,The New York Times,RT @comradewong: 1. Secretary of State Mike Pompeo made a surprise announcement on the closing of the Basra consulate. Cited security reaso‚Ä¶,0.5423,0.191,0.0,0.809,80
480,The New York Times,A Prostitute Was Killed in France. Is a New Law Partly to Blame? https://t.co/bmp3PFRMJz,-0.7665,0.0,0.398,0.602,81
481,The New York Times,"In case you're listening to Robyn's new song, ""Honey,"" on repeat...  https://t.co/JG85JYu0RX",0.0,0.0,0.0,1.0,82
482,The New York Times,Scientists reported the first discovery of all-female termite societies ‚Äî¬†researchers did not find a single male https://t.co/wSUj2xJy05,0.0,0.0,0.0,1.0,83
483,The New York Times,"RT @HernandezJavier: The young activists are model students &amp; ardent communists, singing socialist anthems and quoting Mao. But China's lea‚Ä¶",0.2617,0.097,0.0,0.903,84
484,The New York Times,"Lady Gaga and Bradley Cooper are in the sha-ha-sha-hallow, and Lil Wayne's long-delayed album is here. Here's the w‚Ä¶ https://t.co/PKWMDlw9Cw",0.0,0.0,0.0,1.0,85
485,The New York Times,Good science means publishing negative results. It doesn't happen nearly enough. https://t.co/bDl1g2jQTG,-0.2023,0.175,0.223,0.602,86
486,The New York Times,RT @NYTScience: Research into these termite colonies in Japan is the first to demonstrate that males can be discarded from advanced societi‚Ä¶,-0.1027,0.082,0.098,0.82,87
487,The New York Times,"Social Security faces a projected shortfall in about 16 years, when benefits would be cut by roughly 20%. Lawmakers‚Ä¶ https://t.co/2NMThx4CH0",0.4404,0.216,0.091,0.693,88
488,The New York Times,"In a world that relentlessly enforces limits, the love of a pet is a refuge for unconstrained emotion, especially f‚Ä¶ https://t.co/9EUUOR1Mgl",0.6369,0.198,0.0,0.802,89
489,The New York Times,"A tsunami kills dozens in Indonesia, and an aid worker fears the toll will rise: ‚ÄúI‚Äôm worried about people who migh‚Ä¶ https://t.co/f6YPK34FKh",-0.8176,0.0,0.321,0.679,90
490,The New York Times,"By the time it closes, it will be the 25th-longest-running Broadway production in history https://t.co/W6UiJdZAFn",0.0,0.0,0.0,1.0,91
491,The New York Times,"Marty Balin, a Founder of Jefferson Airplane, Dies at 76 https://t.co/IEviiYSSJb",0.0,0.0,0.0,1.0,92
492,The New York Times,"RT @nytpolitics: Representative Duncan Hunter has released a startling attack against his Democratic challenger, suggesting that he is an I‚Ä¶",-0.3182,0.128,0.142,0.731,93
493,The New York Times,"While many NASA astronauts have auctioned off items decades ago, ‚ÄúNeil Armstrong never did that,‚Äù an auction offici‚Ä¶ https://t.co/eaErJ25Fx2",0.0,0.0,0.0,1.0,94
494,The New York Times,"RT @mmcintire: NEW: ‚ÄúWhat emerges is the image of a skilled lawyer who, when pressed on difficult subjects, sometimes crafted responses tha‚Ä¶",-0.3612,0.0,0.111,0.889,95
495,The New York Times,"International readers from South Africa to Scotland told us that they watched the Kavanaugh hearing: ""I don‚Äôt think‚Ä¶ https://t.co/vPeubxVAx2",0.0,0.0,0.0,1.0,96
496,The New York Times,RT @dgelles: NEW: The story behind the lawsuit with details of the proposed settlement that Elon rejected. w ‚Å¶@MattGoldstein26‚Å© ‚Å¶@FlitterOn‚Ä¶,-0.6369,0.0,0.234,0.766,97
497,The New York Times,The Yankees have clinched home-field advantage for Wednesday‚Äôs American League wild-card playoff game against the O‚Ä¶ https://t.co/UGsXFGC2KD,0.25,0.111,0.0,0.889,98
498,The New York Times,"How the FBI will investigate the Kavanaugh accusations
https://t.co/Ak24Cp4Ppz",-0.3182,0.0,0.223,0.777,99
499,The New York Times,"RT @nytgraphics: The Senate testimony of Christine Blasey Ford and Judge Brett M. Kavanaugh, the man she alleges assaulted her while they w‚Ä¶",-0.5267,0.0,0.134,0.866,100
